id,firstname,lastname,country,phonenumber
1,Alyssa,Bearnard,United States Minor Outlying Islands,65926864
2,Calla,Othilia,Lebanon,19197253
3,Hallie,Bury,Antarctica,75443337
4,Jobi,Ilka,Bolivia,14200956
5,Annecorinne,Martguerita,Guinea,54078883
6,Pamella,Wyn,Tuvalu,58859799
7,Ronna,Borrell,Cyprus,50815405
8,Peri,Codding,Cyprus,54092602
9,Leanna,Naashom,Maldives,82876183
10,Perry,Gombach,Paraguay,24282347
11,Jaclyn,Tamsky,Ghana,59208501
12,Mignon,Flyn,Saint Kitts and Nevis,29822996
13,Nyssa,Ball,Nigeria,99829507
14,Allyce,Dorcy,RWANDA,25748238
15,Lyssa,Dom,Lebanon,82558308
16,Zaria,Johanna,Tuvalu,87818763
17,Vanessa,Kathie,Cayman Islands,38780965
18,Krystle,Connelly,Paraguay,70050622
19,Wilma,Concha,Cape Verde,61405452
20,Carol-Jean,Xerxes,Anguilla,59752151
21,Steffane,Eben,"Korea, Democratic People""S Republic of",35430542
22,Fanchon,Ortrude,Ukraine,32574011
23,Harmonia,Kimmie,Kazakhstan,88618174
24,Augustine,Land,Latvia,67570975
25,Maurene,Rozanna,"Micronesia, Federated States of",25287473
26,Jacenta,Zina,Samoa,49757982
27,Fayre,Harl,"Tanzania, United Republic of",92636685
28,Consuela,Hubert,Georgia,76685707
29,Fidelia,Hachmin,Christmas Island,79401997
30,Annecorinne,Huggins,Australia,83061702
31,Reeba,Bohlin,Saint Kitts and Nevis,34865523
32,Wilma,Engdahl,Bahrain,72030988
33,Reeba,Pyle,Niger,55812898
34,Daryl,Means,Anguilla,27102963
35,Daphne,Quent,Saint Vincent and the Grenadines,34601383
36,Vere,Ehrman,Afghanistan,68221504
37,Leontine,Helfand,Bouvet Island,60385650
38,Kimberley,Sallyann,Uganda,17320560
39,Katharina,Gaspard,Indonesia,19250457
40,Deirdre,Donoghue,"Moldova, Republic of",26962539
41,Sashenka,Orlene,Armenia,68328159
42,Nerta,Schlosser,Israel,76355596
43,Sheelagh,Lymann,Guinea-Bissau,80798056
44,Sissy,Viddah,Romania,54164471
45,Estell,Carbo,Maldives,73364237
46,Peri,Yate,Saint Helena,71060748
47,Jere,Vanni,"Congo, The Democratic Republic of the",88222981
48,Ida,Stelle,Bahrain,64055086
49,Dione,Dahlia,Bhutan,18089900
50,Riannon,Dorcy,Belgium,74885798
51,Shannah,Kaja,Heard Island and Mcdonald Islands,88350982
52,Rebeca,Lanita,Guyana,72916945
53,Nataline,Alice,Honduras,22302206
54,Deirdre,Damarra,Heard Island and Mcdonald Islands,99565756
55,Aaren,Jotham,Japan,54794337
56,Nerta,Cleavland,Kazakhstan,47157184
57,Aurore,Ortrude,AndorrA,35732268
58,Cyndie,Chapland,New Caledonia,71262647
59,Renie,Grayce,Saint Vincent and the Grenadines,57028729
60,Jemie,McLaughlin,Thailand,62761269
61,Gerianna,Moseley,Georgia,73283368
62,Annice,Daegal,Mayotte,84649959
63,Meg,Wind,Switzerland,53731148
64,Jorry,Koehler,Grenada,73421599
65,Allyce,Hepsibah,"Palestinian Territory, Occupied",22037874
66,Cathie,Read,Bulgaria,37699886
67,Alisha,Shields,New Zealand,93720389
68,Frieda,Carri,Morocco,29358434
69,Christal,Truc,Luxembourg,69599668
70,Pollyanna,Septima,"Macedonia, The Former Yugoslav Republic of",48892319
71,Riannon,Redmond,Pitcairn,96166499
72,Cacilie,Lay,Romania,36097234
73,Perry,Tacye,Viet Nam,78185641
74,Annabela,Campball,Madagascar,19313427
75,Kenna,Hanshaw,Jordan,99574162
76,Albertina,Brenn,Bangladesh,20408975
77,Viki,Wandie,Greenland,87557405
78,Wendi,Mott,Cook Islands,27697835
79,Sabina,Pernick,Grenada,73775231
80,Mahalia,Ciapas,Turkmenistan,61338703
81,Lita,Marisa,Mozambique,67109326
82,Josephine,Teryn,Svalbard and Jan Mayen,88648349
83,Trudie,Liebermann,"Micronesia, Federated States of",64918450
84,Marinna,Hepsibah,Ethiopia,44672248
85,Lusa,Fadiman,Hong Kong,27338176
86,Marcy,Audly,Macao,64071624
87,Nadine,Masao,Aruba,37883979
88,Chandra,Killigrew,Saint Kitts and Nevis,84945822
89,Deirdre,Kermit,Serbia and Montenegro,48303404
90,Kayla,Brunell,Congo,40391214
91,Janeczka,Fennessy,Austria,50508437
92,Mary,Wallis,Armenia,13932209
93,Melina,Paine,Finland,52862427
94,Doro,Kiersten,Israel,87815127
95,Johna,Ambrosia,China,55544613
96,Romona,Swanhildas,Chad,80997043
97,Daryl,Kronfeld,Nauru,68508579
98,Theodora,Yam,Azerbaijan,86335004
99,Maurene,Hachmin,Saint Vincent and the Grenadines,44681663
100,Leanna,Birdella,Bhutan,69687882
101,Aigneis,Gunn,French Southern Territories,13023304
102,Marcy,Lemuela,Niue,36977126
103,Lorie,Esmaria,Hungary,23867798
104,Dulce,Hoenack,Tonga,49973984
105,Ileana,Pyle,Samoa,81201148
106,Carilyn,Chapland,United Arab Emirates,51756198
107,Helsa,Malvino,Reunion,66314874
108,Brynna,Keelia,Maldives,33442574
109,Melisent,Linskey,Indonesia,63535313
110,Kaia,Elsinore,South Africa,60511357
111,Ardenia,Norrie,Niger,17073260
112,Bernardine,Clara,Slovenia,84634549
113,Maisey,Llovera,Czech Republic,84349425
114,Mallory,Pyle,South Georgia and the South Sandwich Islands,50258937
115,Teriann,Brieta,Svalbard and Jan Mayen,84478878
116,Jany,Fax,Christmas Island,28929862
117,Tersina,Olnee,Brazil,34275350
118,Maud,Rese,Anguilla,89074422
119,Aaren,Madox,Maldives,19460286
120,Corina,Lattie,Azerbaijan,18228992
121,Taffy,Noman,Guernsey,81866255
122,Mamie,Fabiola,British Indian Ocean Territory,87958268
123,Agnese,Sacken,Turks and Caicos Islands,89423293
124,Lucy,Daveta,Malawi,27564404
125,Lolita,Diogenes,Tajikistan,23725252
126,Harmonia,Breed,Ecuador,19443207
127,Yolane,Sancho,Aruba,68840922
128,Leontine,Donell,Croatia,36542810
129,Paule,Travax,Bahamas,26528632
130,Zondra,Desai,French Guiana,21010297
131,Danny,Khorma,Jamaica,85667929
132,Ezmeralda,Ummersen,"Micronesia, Federated States of",33683302
133,Millie,Daegal,Madagascar,72523202
134,Tera,Dash,Mauritius,99235220
135,Lanae,Mathilde,Djibouti,85100358
136,Lorne,Hillel,Turkey,92945792
137,Evaleen,Urias,Anguilla,20068507
138,Esmeralda,Seagraves,Morocco,52683472
139,Ivett,Weaks,Malawi,55129485
140,Annora,Latini,Greece,28602406
141,Latisha,Roche,French Polynesia,78172241
142,Merrie,Andrel,Russian Federation,77466721
143,Roxane,Chick,Romania,92008691
144,Trixi,Alice,Bouvet Island,75514513
145,Ottilie,Bettine,Turks and Caicos Islands,66665749
146,Shandie,Thar,Finland,73236381
147,Shaylyn,Kaja,Tokelau,43795869
148,Robbi,Carbo,Sudan,73496725
149,Demetris,Ortrude,Viet Nam,60537515
150,Gratia,Kendrick,Grenada,73119263
151,Aaren,Kenwood,Saint Helena,66083196
152,Blondelle,Audly,Aruba,63652680
153,Clo,Velick,Japan,74036494
154,Tersina,Felecia,Finland,90823098
155,Tabbatha,Buttaro,"Lao People""S Democratic Republic",25810267
156,Daryl,Charmine,Lesotho,15096379
157,Dorice,Luhe,Cayman Islands,73915948
158,Willetta,Cohdwell,Mayotte,56102181
159,Brianna,Gombach,"Tanzania, United Republic of",39678329
160,Benita,Nerita,Sao Tome and Principe,27323460
161,Netty,Malina,United Kingdom,27076893
162,Cathyleen,Michella,Viet Nam,89546497
163,Florencia,August,Namibia,21365690
164,Henriette,Trace,Western Sahara,56210958
165,Tracey,Judye,Chile,44037660
166,Ayn,Warthman,Papua New Guinea,44210011
167,Carol-Jean,Pip,Japan,23278405
168,Augustine,Bultman,Bangladesh,89337092
169,Ardys,Ashely,Botswana,40300605
170,Nicoli,Tjon,Panama,60685579
171,Lynde,Kenwood,Vanuatu,60603364
172,Ida,Sherfield,"Palestinian Territory, Occupied",20997497
173,Elise,Lory,Kyrgyzstan,14688723
174,Alie,Avi,Denmark,96797962
175,Christian,Dyche,Swaziland,84160076
176,Myriam,Redmond,"Virgin Islands, U.S.",42794157
177,Cherilyn,Truc,South Georgia and the South Sandwich Islands,49624520
178,Yvonne,Fry,United States Minor Outlying Islands,55617058
179,Elmira,Lymann,Guam,94822313
180,Brandise,Howlyn,Brazil,43951575
181,Fred,Elo,Finland,44197711
182,Winifred,Noam,Slovenia,84169501
183,Helsa,Urias,Guadeloupe,77654521
184,Silvana,Fabiola,Oman,40734383
185,Audrie,Warthman,Seychelles,55142214
186,Kate,Hutchison,Liberia,38152575
187,Fanny,Brodench,Monaco,15297113
188,Mariele,Naor,Eritrea,69097990
189,Shandie,Longfellow,Saint Kitts and Nevis,32724681
190,Adelle,Heidt,Bahamas,29032710
191,Tomasina,Billye,Lithuania,66240437
192,Corry,Firmin,New Zealand,41106135
193,Mallory,Ephrem,Tajikistan,93694763
194,Ida,Eugenia,United Arab Emirates,98453504
195,Kalina,Arathorn,Bahamas,39500832
196,Vevay,Hailee,Portugal,77361100
197,Daphne,Docilla,Angola,81842602
198,Natka,Elisha,Saudi Arabia,60192627
199,Florencia,Madaih,New Caledonia,37727742
200,Gloria,Sisile,Nicaragua,42118222
201,Grier,Drisko,Viet Nam,20286842
202,Fawne,Bohlin,Bangladesh,48489532
203,Renie,Nicoline,Uruguay,22439484
204,Beverley,Sinegold,Guyana,64769900
205,Tybie,Auberbach,Italy,82012512
206,Lynea,Stacy,Togo,41035020
207,Gretal,Hieronymus,Spain,84168237
208,Dorothy,Woodberry,Martinique,70406603
209,Philis,Demitria,Cook Islands,30413714
210,Inga,Albertine,Afghanistan,29828677
211,Adriana,Ludewig,Faroe Islands,53671112
212,Tina,Cressida,Nauru,12841168
213,Lucille,Laverne,Uzbekistan,16631745
214,Belva,Brieta,Poland,40133473
215,Rubie,Adlare,Burundi,81319850
216,Carolina,Love,Sweden,68998007
217,Brana,Podvin,Honduras,32998105
218,Danny,Kalinda,Singapore,62662984
219,Allyce,Orelee,Angola,74335670
220,Ethel,Hanleigh,RWANDA,58093049
221,Rubie,Bollay,Cook Islands,61240076
222,Mariann,Odysseus,Bolivia,77729024
223,Doralynne,Darrell,Falkland Islands (Malvinas),60989390
224,Juliane,Artie,Russian Federation,14263701
225,Regina,Callista,Martinique,78802367
226,Max,Allina,Papua New Guinea,57040544
227,Raina,Berne,Sri Lanka,15546562
228,Hannis,Autrey,Gabon,93864024
229,Bertine,Madox,Maldives,46671861
230,Dorice,Dyche,Saint Helena,61224284
231,Camile,Clara,Netherlands Antilles,30449069
232,Winifred,Kelula,Cape Verde,34863322
233,Cassondra,Syd,Cocos (Keeling) Islands,94175415
234,Karlee,Madelene,Uruguay,96399843
235,Tori,Amethist,Angola,75972723
236,Gale,Flyn,Finland,60049305
237,Gabi,Milson,"Virgin Islands, U.S.",20830231
238,Lyssa,Standing,Cambodia,80312657
239,Magdalena,Fiester,Namibia,46334019
240,Edyth,Bevin,Brunei Darussalam,28325388
241,Priscilla,Timon,Guinea,75607332
242,Jany,Leffen,Netherlands,28998429
243,Shell,Ludewig,Peru,76133342
244,Brooks,Lilybelle,Egypt,97585881
245,Isa,Merna,Turkmenistan,12452668
246,Rochette,Cottle,Mongolia,19243597
247,Britni,Kare,Kyrgyzstan,53957636
248,Valera,Vittoria,Niger,93110060
249,Diena,Weinreb,Kenya,57816601
250,Jessamyn,Podvin,United States Minor Outlying Islands,98483877
251,Mallory,Jerald,Serbia and Montenegro,95655147
252,Annecorinne,Shelba,Cyprus,70164345
253,Zondra,Graig,Benin,56867037
254,Mathilda,Libna,Switzerland,88935764
255,Bobbi,Minetta,Mali,55000001
256,Kimmy,Nore,Portugal,25994471
257,Siana,Daegal,Uzbekistan,87686762
258,Latisha,Kannry,Saint Kitts and Nevis,45834221
259,Charmaine,Lia,"Congo, The Democratic Republic of the",32305945
260,Tabbatha,Gabrielli,Cook Islands,93928067
261,Cristine,Fax,"Korea, Republic of",30549399
262,Veda,Krystle,Zambia,46139474
263,Kara-Lynn,Tremayne,United States,24905641
264,Luci,Bates,Ghana,39086204
265,Kaja,Carvey,Holy See (Vatican City State),11249894
266,Millie,Noam,Viet Nam,66179834
267,Etta,Raseda,Italy,96844135
268,Yetty,My,Norfolk Island,72440566
269,Clary,Viddah,Sri Lanka,34720107
270,Aaren,Quinn,"Iran, Islamic Republic Of",33942126
271,Claresta,Presber,Malaysia,28106721
272,Nataline,Terencio,Paraguay,87010760
273,Roz,Natica,Belarus,31731049
274,Raf,Creamer,Costa Rica,46023542
275,Molli,Rosette,Guyana,59495015
276,Meriel,Katrine,Wallis and Futuna,78131742
277,Melina,Medrek,Macao,44784389
278,Dania,Elisha,Tunisia,84711620
279,Damaris,Kenwood,Gabon,96749858
280,Max,Astra,Spain,88417328
281,Xylina,Craggie,Hungary,61396511
282,Alie,Moseley,Kyrgyzstan,84418138
283,Margalo,Elephus,Bouvet Island,94348258
284,Jessy,Zina,Austria,88791011
285,Nikki,Riordan,French Guiana,24350872
286,Maryellen,Hedve,South Africa,93550251
287,Glynnis,Arley,Ethiopia,33344576
288,Jan,Chinua,Cyprus,24013870
289,Claresta,Elo,Papua New Guinea,82872403
290,Brianna,Mathilde,Switzerland,32126781
291,Jorry,Bahr,Reunion,77600437
292,Harmonia,Zaslow,Papua New Guinea,96867092
293,Catharine,Edmund,Anguilla,34701336
294,Catrina,Tryck,Lesotho,18972041
295,Tybie,Lea,Maldives,69671658
296,Rori,Delp,Suriname,44228826
297,Corry,Avi,Turkey,66714714
298,Jerry,Bandeen,Australia,99974334
299,Sashenka,Garbe,Uruguay,54128698
300,Briney,Lemuela,"Moldova, Republic of",53332557
301,Ulrike,Ricarda,Angola,63182728
302,Camile,Shaver,United States,74484025
303,Zaria,Rogerio,"Iran, Islamic Republic Of",20849087
304,Lanna,Justinn,Jersey,43070902
305,Ketti,Ortrude,French Guiana,49702957
306,Alisha,Berard,Hong Kong,74846509
307,Margarette,Gahl,Liechtenstein,86976761
308,Lulita,Linskey,Svalbard and Jan Mayen,98012475
309,Kial,Warthman,Brunei Darussalam,30200225
310,Shel,Arquit,Timor-Leste,84668034
311,Joy,Fitzsimmons,"Cote D""Ivoire",51023590
312,Kore,Berard,Holy See (Vatican City State),47947153
313,Charlena,Graig,Algeria,80749412
314,Noelle,Fiester,Ukraine,42880883
315,Vonny,Artie,Estonia,60200921
316,Paola,Rozanna,Haiti,61162015
317,Yvonne,Waite,Ecuador,67492771
318,Charissa,Grosz,Vanuatu,40876110
319,Sabina,Ortrude,Ireland,86876636
320,Melanie,Earlie,Serbia and Montenegro,79474950
321,Ronna,Jacinda,Samoa,26720752
322,Silvana,Aprile,"Moldova, Republic of",38881660
323,Adore,Soneson,Nauru,21048549
324,Dulcinea,Screens,Oman,58329497
325,Yetty,Middleton,Nepal,25692952
326,Adriana,Earlie,Portugal,52069161
327,Renie,Kevon,Germany,74703549
328,Candi,Tyson,"Moldova, Republic of",80221300
329,Atlanta,Gilmour,Isle of Man,62144423
330,Lanna,Afton,Cambodia,88695801
331,Annaliese,Secrest,Myanmar,18484310
332,Evaleen,Kaja,Uzbekistan,91961310
333,Gaylene,Beebe,Barbados,21718513
334,Gretal,Linskey,Mozambique,51605377
335,Flory,Chaing,Cocos (Keeling) Islands,22693551
336,Genovera,Ramona,Philippines,20551272
337,Perry,Read,Mexico,43589539
338,Clarice,Hertzfeld,Mayotte,56981695
339,Roberta,Sawtelle,Saint Kitts and Nevis,86023137
340,Ginnie,Blase,Palau,97680423
341,Dotty,Dom,Macao,51219227
342,Fernande,Malanie,Botswana,24672218
343,Karina,Suanne,Liberia,19651852
344,Katleen,Ambrosia,Mauritania,44532033
345,Silvana,Bebe,"Iran, Islamic Republic Of",12219910
346,Kimmy,Cressida,Svalbard and Jan Mayen,40728438
347,Aurore,Catie,Tuvalu,35563495
348,Lita,Brandice,Zambia,37861340
349,Dianemarie,Gibbeon,Switzerland,84176310
350,Anallese,Peti,Falkland Islands (Malvinas),15475347
351,Felice,Arquit,Nepal,36595470
352,Cacilie,Alice,Netherlands,56211176
353,Cindelyn,Eckblad,Burundi,22400530
354,Stephanie,Emerson,South Africa,95597557
355,Gerianna,Gladstone,American Samoa,80797042
356,Gisela,Ajay,French Polynesia,97771196
357,Ida,Boycey,Cayman Islands,44562873
358,Elise,Montgomery,Iraq,34077586
359,Kaja,Barbey,Zimbabwe,84303476
360,Rubie,Ricarda,Slovakia,26058611
361,Arlina,Halsey,Cook Islands,58966433
362,Marti,Yam,Saint Pierre and Miquelon,46547384
363,Drucie,Chobot,Ecuador,34619990
364,Jere,Aida,Lesotho,63693910
365,Lorie,Barrus,Costa Rica,34663893
366,Ofilia,Nance,Croatia,83036967
367,Reeba,Magnolia,Syrian Arab Republic,71492353
368,Dorothy,Fontana,Gibraltar,74285122
369,Carmencita,Cadmar,Sao Tome and Principe,66098017
370,Lilith,Stoller,Gambia,37677296
371,Jillayne,Fiester,Syrian Arab Republic,63343229
372,Caryl,Warthman,Liberia,26737969
373,Joleen,Mott,Norfolk Island,88478404
374,Charlena,Dudley,Isle of Man,31155428
375,Edith,Corabella,Ecuador,43706461
376,Dagmar,Daveta,Lebanon,92805961
377,Eugine,Letsou,Guam,64986020
378,Merle,Tillford,"Korea, Democratic People""S Republic of",87288202
379,Larine,Sacken,Czech Republic,38014557
380,Sandie,Silvan,Netherlands Antilles,56112196
381,Roseline,Johnsson,Bolivia,86118652
382,Annabela,Pettiford,Portugal,13947381
383,Blinni,Bohlin,Austria,95799444
384,Shandie,Vacuva,Swaziland,65258891
385,Clo,Rozanna,Mozambique,83503982
386,Olwen,Frodi,Viet Nam,67483287
387,Joceline,Japeth,San Marino,24341250
388,Inga,Woodberry,"Korea, Democratic People""S Republic of",21183740
389,Tani,Gemini,Cook Islands,71755618
390,Dulcinea,Annabella,Tokelau,54239724
391,Renie,Saree,Åland Islands,57551143
392,Luci,Persse,Vanuatu,86325386
393,Wanda,Ashely,Luxembourg,55502615
394,Teriann,Judye,Cameroon,16730925
395,Kenna,Even,Sudan,27949838
396,Ericka,Louanna,Vanuatu,46429639
397,Sallie,Nickola,Netherlands,67285725
398,Misha,Travax,Morocco,21317369
399,Jorry,Deegan,Brunei Darussalam,31728480
400,Goldie,Daveta,Singapore,45321830
401,Nelle,Vanni,Congo,77350759
402,Henriette,Ferino,Cameroon,20353385
403,Madelle,Hull,"Congo, The Democratic Republic of the",59615896
404,Ninnetta,Nester,Antigua and Barbuda,51774563
405,Gilda,Abbot,San Marino,46224039
406,Gilda,Chesna,"Virgin Islands, British",53058726
407,Gwenneth,Randene,Northern Mariana Islands,20107528
408,Ardeen,Si,Sweden,11254808
409,Nadine,Couture,Saint Kitts and Nevis,52925984
410,Lanna,Dimitris,Central African Republic,14106454
411,Calla,Mata,Cayman Islands,87730475
412,Beth,Berriman,Russian Federation,80714525
413,Mamie,Saunderson,Guatemala,75740265
414,Jobi,Gabrielli,Cameroon,35288791
415,Miquela,Fillbert,Slovakia,72570802
416,Ayn,Gemini,French Polynesia,44084827
417,Hildegaard,Vivle,Czech Republic,52475852
418,Leona,Orpah,Bouvet Island,14024274
419,Sheelagh,Kevon,Switzerland,32898578
420,Tiffie,Fiann,Cayman Islands,87388267
421,Veda,Matthew,Sudan,52223356
422,Angela,Gilmour,Somalia,30575696
423,Kate,Amand,Holy See (Vatican City State),22566681
424,Rori,Podvin,Monaco,50311886
425,Linet,Hanleigh,Panama,89170903
426,Ethel,Hilbert,Venezuela,13917971
427,Dede,Bultman,Puerto Rico,74007650
428,Clarice,Tybald,Puerto Rico,62569358
429,Hildegaard,Clarissa,Venezuela,24006207
430,Florie,Parsaye,Bolivia,96885112
431,Clarice,Keily,Suriname,41717656
432,Miquela,Whittaker,Burkina Faso,31334155
433,Mahalia,Ralfston,Lithuania,74628246
434,Corly,Swanhildas,Saint Vincent and the Grenadines,49846556
435,Micheline,Monaco,Gibraltar,37565154
436,Adelle,McAdams,Switzerland,65799722
437,Clarice,Kat,Mexico,45687585
438,Alyssa,Waldron,Mauritania,46425268
439,Oona,MacIntosh,France,30434289
440,Violet,Markman,French Guiana,54920405
441,Shaine,Mott,Ukraine,31953562
442,Oona,Pattin,Venezuela,49915495
443,Cathyleen,Talia,Guinea-Bissau,62258487
444,Gale,Devlen,"Lao People""S Democratic Republic",73340512
445,Berta,Halla,Czech Republic,46200521
446,Valeda,Gerge,Liberia,82902400
447,Susette,Persse,Bangladesh,25103415
448,Ashlee,Moseley,French Guiana,85990240
449,Aurore,Kannry,French Guiana,14742758
450,Sadie,Rolf,Israel,79954978
451,Norine,Gino,Georgia,66178571
452,Barbi,Standing,Botswana,41183181
453,Arlina,Torray,Ghana,74127981
454,Glynnis,Tayib,Mauritania,29747976
455,Wanda,Diogenes,Hungary,68191114
456,Emylee,Hedve,Greece,84575397
457,Joleen,Primalia,United Arab Emirates,13614477
458,Korrie,Raul,New Zealand,46522691
459,Rebeca,Ramona,Oman,46502516
460,Lynde,Modie,Jersey,92948753
461,Claudina,Azeria,Christmas Island,65392490
462,Emilia,Han,Ireland,91293747
463,Melodie,Sawtelle,Dominican Republic,71082753
464,Gale,Jarib,"Lao People""S Democratic Republic",82534141
465,Frances,Dituri,United Kingdom,15656850
466,Max,Garlinda,Costa Rica,95219004
467,Kara-Lynn,Francene,Marshall Islands,67007397
468,Joceline,Standing,Myanmar,62469342
469,Sharlene,Lea,Guyana,27850795
470,Arabel,Abram,Tuvalu,76158315
471,Nita,Selway,Chad,87522985
472,Flory,Ietta,Solomon Islands,15864432
473,Clary,Hanleigh,Eritrea,67583534
474,Etta,Emmy,Bulgaria,15179691
475,Queenie,Robertson,Hungary,15603771
476,Kerrin,Septima,Oman,56691183
477,Johna,Candy,Barbados,84525234
478,Karina,Jeanne,Chad,45879938
479,Celestyna,Hailee,Turkey,79854237
480,Lily,Ummersen,Ukraine,22305267
481,Sidoney,Saunderson,"Korea, Republic of",63861701
482,Jerry,Heisel,Senegal,74889279
483,Valeda,McLaughlin,Panama,20354440
484,Dyann,Devlen,Azerbaijan,33568142
485,Edith,Nisbet,Japan,69727256
486,Kimmy,Stuart,New Caledonia,58213951
487,Delilah,Hunfredo,Sao Tome and Principe,41474543
488,Adriana,Emmaline,Latvia,84411418
489,Vevay,Medrek,Brunei Darussalam,69190874
490,Heddie,Prouty,Christmas Island,39101290
491,Nikki,Wolfgram,Cuba,72833701
492,Jaime,Jotham,Ghana,52501440
493,Jenilee,Hull,Bulgaria,84096904
494,Thalia,Bashemeth,Myanmar,87339341
495,Raquela,O'Carroll,Eritrea,23726588
496,Rhea,Zrike,Belgium,24593933
497,Merci,Callista,Slovenia,51118972
498,Pamella,Cutlerr,Wallis and Futuna,46518661
499,Bernie,Uund,Antigua and Barbuda,56812799
500,Raina,Santoro,Slovenia,46055299
501,Jenda,Fontana,Qatar,64485565
502,Nelle,Granoff,Cook Islands,95205176
503,Kirstin,Sawtelle,Falkland Islands (Malvinas),70631145
504,Lily,Neils,Bermuda,95887176
505,Elyssa,Therine,Estonia,33395850
506,Sabina,Amethist,Spain,86356290
507,Mady,Bronk,Timor-Leste,69297264
508,Lucy,Henebry,Yemen,51588474
509,Coral,Aaberg,Bouvet Island,34995453
510,Renae,Ramona,Ireland,13206308
511,Annabela,Lytton,Turks and Caicos Islands,68200830
512,Riannon,Narton,Cape Verde,36480403
513,Melina,Cristi,Mali,83701350
514,Marika,Baptlsta,Liberia,35163262
515,Tami,Syd,Viet Nam,62897274
516,Carlie,Braun,Poland,61816143
517,Camile,Goerke,Uzbekistan,82533437
518,Kamilah,Hanshaw,Israel,47440798
519,Pearline,Hoban,"Congo, The Democratic Republic of the",67232057
520,Carly,Grayce,United States,41586258
521,Britte,Willie,Mozambique,93512074
522,Gwyneth,Stelle,"Tanzania, United Republic of",63476844
523,Julieta,Shaddock,Greece,37226865
524,Sadie,Nickola,Lebanon,51783627
525,Bibby,Argus,"Iran, Islamic Republic Of",61975754
526,Roberta,Fairweather,Norfolk Island,77057937
527,Violet,Ammann,British Indian Ocean Territory,15859933
528,Fanchon,Othilia,Cape Verde,29704641
529,Carree,Cleo,Tajikistan,28668899
530,Laure,Redmond,Åland Islands,37569433
531,Amelia,Campball,Sao Tome and Principe,69933481
532,Perry,Fax,Nigeria,49179442
533,Deane,Gualtiero,Gabon,34222077
534,Emilia,Anderea,Panama,53156415
535,Brynna,Brady,El Salvador,33056242
536,Fredericka,Carey,Guam,40046100
537,Verla,Lory,Turkey,82972830
538,Hettie,Salchunas,Macao,88980702
539,Angela,Kristi,Norway,95751241
540,Mady,Norrie,Slovakia,63623783
541,Abbie,Nester,Uganda,59262029
542,Lanae,Maxi,Palau,96720173
543,Babita,Cloris,Chile,49073668
544,Caressa,Hessler,Libyan Arab Jamahiriya,92160267
545,Lucille,Markman,Papua New Guinea,71716176
546,Celene,Cassius,Saint Kitts and Nevis,73079059
547,Theodora,Demitria,Armenia,91649233
548,Lacie,Donell,Denmark,50792741
549,Patricia,August,Gambia,88052321
550,Netty,Persse,Morocco,70923832
551,Justinn,Moina,Solomon Islands,11386960
552,Mariele,Hamil,Austria,81941696
553,Pamella,Philipp,Bahrain,91722904
554,Kathi,Kravits,Bouvet Island,98606018
555,Gretal,Denis,Holy See (Vatican City State),46491508
556,Marleah,Pyle,Benin,93312164
557,Jinny,Wadell,Cyprus,39982102
558,Devina,Marlie,Kazakhstan,70421041
559,Feliza,Peti,Zambia,91222356
560,Stephanie,Daegal,Uzbekistan,78745714
561,Angela,Earlie,Saint Vincent and the Grenadines,71660880
562,Carlie,Norrie,Bahrain,72259289
563,Emilia,Morgun,Zimbabwe,56526425
564,Vanessa,Magdalen,Mexico,78344427
565,Marti,Ailyn,Canada,90303577
566,Lelah,Natica,Sweden,80702460
567,Rani,Stover,Guinea-Bissau,66955779
568,Tybie,Gladstone,"Tanzania, United Republic of",88351126
569,Ronna,Kenney,United Arab Emirates,66111818
570,Deloria,Dalli,Armenia,91247875
571,Tilly,Jary,"Cote D""Ivoire",24531580
572,Wilma,Sharl,Gabon,77168411
573,Lynde,Goldina,Turkmenistan,43885071
574,Letizia,Demitria,Madagascar,79782437
575,Zaria,Konyn,Cameroon,14447600
576,Lindie,Florina,Morocco,53449298
577,Tierney,Flyn,Denmark,29188816
578,Janeczka,Leler,United Arab Emirates,74488055
579,Lynde,Standing,Bouvet Island,34186188
580,Glenda,Middleton,Chad,65491285
581,Jaclyn,Barrus,Trinidad and Tobago,24283852
582,Vinita,Kannry,Western Sahara,31002751
583,Nonnah,Gwenore,Uzbekistan,40782555
584,Ofilia,Kelula,Hungary,20308123
585,Betta,Blase,Norfolk Island,96102908
586,Lizzie,Gwenore,Jersey,36573752
587,Emma,Melan,Azerbaijan,70713637
588,Merle,Helfand,Denmark,77888246
589,Babita,Callista,Uzbekistan,98130683
590,Mureil,August,Mongolia,34358255
591,Jorry,O'Carroll,Netherlands Antilles,80133245
592,Joceline,Nickola,Jamaica,17482723
593,Dorothy,Peonir,Myanmar,19370388
594,Emylee,Durware,Monaco,55705169
595,Sarette,Quinn,Sierra Leone,31301437
596,Katuscha,Jehu,Kyrgyzstan,24947507
597,Paola,Brady,Belize,90977795
598,Vanessa,Hazlett,United States,61083402
599,Annice,Christine,Qatar,87359897
600,Donetta,Karylin,Wallis and Futuna,97759908
601,Kayla,Clarissa,China,45723357
602,Shel,Manolo,American Samoa,50472852
603,Ayn,Herrera,Montserrat,60949256
604,Emylee,Bates,"Micronesia, Federated States of",40285244
605,Goldie,Selway,Barbados,92717712
606,Rosabelle,Koehler,Somalia,60685516
607,Elmira,Aldric,Liechtenstein,37962603
608,Giustina,Koziara,Australia,71969076
609,Catrina,Bollay,Burundi,95671227
610,Annice,Breed,Åland Islands,96184115
611,Brena,Margret,Cape Verde,85177023
612,Brena,Niles,Spain,48797534
613,Nariko,Gaspard,Antarctica,15023182
614,Daune,Pascia,Spain,32193017
615,Annaliese,Hunfredo,Bahrain,54563607
616,Raquela,McClimans,San Marino,26508853
617,Claresta,Bethany,Monaco,69990594
618,Ann-Marie,Faria,Serbia and Montenegro,80957807
619,Anallese,Cornelia,Cyprus,99145888
620,Nariko,Talia,Kyrgyzstan,70661273
621,Betta,Berne,Suriname,68664682
622,Lauryn,Ashok,Poland,22193343
623,Karly,Ferino,Grenada,55188342
624,Maurene,Tatianas,United States,65938955
625,Brandise,Jacinda,Western Sahara,69931964
626,Yetty,Israeli,Sao Tome and Principe,76985062
627,Ruthe,Wyn,Cyprus,17737280
628,Elora,Kirbee,Turks and Caicos Islands,36090757
629,Emylee,Burnside,Myanmar,39048564
630,Mignon,Cecile,Saint Pierre and Miquelon,50287560
631,Lynea,Duwalt,Guinea-Bissau,67598793
632,Ulrike,Raimondo,Slovenia,46911731
633,Maisey,Klemperer,Sao Tome and Principe,50520051
634,Donnie,Scammon,Yemen,11378735
635,Shandie,McGrody,Tonga,72874641
636,Gloria,Goddard,Denmark,78857182
637,Loree,Olin,Lithuania,65623258
638,Margette,Nerita,Albania,95343201
639,Tami,Sundin,"Cote D""Ivoire",63756384
640,Morganica,August,Pitcairn,63875602
641,Nyssa,Erb,Canada,71758363
642,Pollyanna,Chick,Turks and Caicos Islands,35754357
643,Lita,Zamora,Malta,39058972
644,Vevay,Faro,Jamaica,62726864
645,Oralee,Persse,"Tanzania, United Republic of",38829761
646,Lesly,Urias,Turkey,69813777
647,Nikki,Hutchison,Somalia,48956190
648,Melodie,Rodmann,Christmas Island,21982170
649,Melanie,Cimbura,Eritrea,33559302
650,Gavrielle,Hoban,Kuwait,90308114
651,Aurelie,Tybald,Turks and Caicos Islands,41079015
652,Nonnah,Poppy,Venezuela,50379841
653,Sue,Maryanne,Swaziland,81675090
654,Patricia,McCutcheon,Mauritius,98532133
655,Ada,Bobbee,Malta,27031800
656,Cassandra,Aida,South Africa,61160503
657,Alexine,Clywd,Seychelles,66722470
658,Christy,Yate,Tunisia,40764727
659,Kate,Borrell,South Georgia and the South Sandwich Islands,87460677
660,Cacilie,Oriana,Anguilla,44088161
661,Aurore,Rosalba,Papua New Guinea,40470559
662,Michaelina,Ajay,Myanmar,21106905
663,Susan,Chobot,Svalbard and Jan Mayen,34723522
664,Sadie,Dorine,"Micronesia, Federated States of",13070040
665,Annabela,Dex,French Guiana,31028803
666,Orelia,Belldas,Belarus,77309075
667,Albertina,Rad,Anguilla,83656407
668,Elie,Louanna,Heard Island and Mcdonald Islands,21417572
669,Kellen,Tillford,Netherlands,14877639
670,Bobinette,Waldron,Romania,81742906
671,Aigneis,Tillford,Lebanon,26547174
672,Bertine,Bergman,Western Sahara,91029018
673,Deedee,Weaks,"Tanzania, United Republic of",95839488
674,Farrah,Pearse,Sri Lanka,73641404
675,Elvira,Sprage,Bangladesh,77880192
676,Dorene,Bohlin,Jordan,13413476
677,Adele,Ethban,Canada,12774704
678,Merrie,Dominy,Colombia,21709124
679,Tori,Elisha,American Samoa,84558990
680,Phylis,Havens,Pakistan,80218421
681,Joane,McLaughlin,Malawi,17173621
682,Xylina,Eugenia,Guadeloupe,64970361
683,Calla,Garek,Bosnia and Herzegovina,51900950
684,Carilyn,Schenck,Thailand,32296867
685,Nicoli,Whiffen,Norfolk Island,93370424
686,Roslyn,Wandie,Gambia,17758419
687,Caryl,Wenoa,Burkina Faso,98208482
688,Modestia,Suk,Burundi,99126012
689,Lindie,Auberbach,Austria,52359924
690,Sam,Arne,Ethiopia,97980718
691,Robinia,Atcliffe,China,28261948
692,Frieda,Keelia,Libyan Arab Jamahiriya,18622748
693,Addia,Ochs,Mozambique,14157201
694,Belinda,Philipp,Anguilla,76389959
695,Melina,Wilona,Jordan,27681950
696,Carilyn,Lytton,Montserrat,58739657
697,Lexine,Garlinda,Lithuania,27243073
698,Vivia,Millda,Liechtenstein,88603295
699,Blake,Birdella,Guam,63178622
700,Shel,Pierette,Mali,67534229
701,Elena,Glovsky,Holy See (Vatican City State),84234713
702,Fanny,Colbert,Western Sahara,82429313
703,Ethel,Toni,Russian Federation,53735501
704,Selma,Koehler,Eritrea,67249821
705,Gale,Suk,Iraq,87143117
706,Carol-Jean,Stephie,Holy See (Vatican City State),38981055
707,Allyce,Belanger,Czech Republic,34912675
708,Elbertina,Koehler,United Arab Emirates,61303805
709,Isa,Bigner,Belgium,81096551
710,Marita,Magdalen,Ghana,45875397
711,Kassey,Whittaker,Guam,84779977
712,Aryn,Neva,Kazakhstan,16637418
713,Cyb,Gillan,Tunisia,30957874
714,Selma,Sekofski,Slovenia,14733601
715,Caryl,Forrer,Tonga,78789058
716,Doralynne,Ball,Barbados,86994336
717,Ethel,Ludewig,Qatar,65873545
718,Mary,Gwenore,Lesotho,63191927
719,Lily,Chabot,Bahrain,61360440
720,Hayley,Ophelia,Cuba,56030040
721,Gilda,Nester,Poland,99694346
722,Ursulina,Telfer,Sudan,71298097
723,Malina,Trey,Dominica,51827850
724,Sonni,Macey,Antarctica,93182462
725,Rayna,Louanna,Burkina Faso,90908446
726,Latisha,Ade,Ecuador,35219786
727,Debee,Kravits,Cocos (Keeling) Islands,46010598
728,Patricia,Mullane,Malta,34931748
729,Marjie,Madelene,Christmas Island,44831199
730,Viviene,Pond,Western Sahara,97190981
731,Maud,Blake,Madagascar,89606491
732,Jenilee,Nikaniki,Senegal,88202170
733,Evita,Nisbet,Poland,72544274
734,Dorothy,Leifeste,French Guiana,18858769
735,Carmencita,Jehu,Poland,84733381
736,Gisela,Aurelio,Bulgaria,78965695
737,Blake,Bakerman,Mexico,31194959
738,Kassey,Jary,Egypt,23070728
739,Tina,Gino,Saint Helena,17552042
740,June,Atcliffe,Tonga,11726028
741,Cherrita,Georas,Cameroon,60495969
742,Marti,Cutlerr,Papua New Guinea,43974535
743,Ada,Swigart,Barbados,42887260
744,Beverley,Eiser,Jordan,67017836
745,Lorne,Verger,Heard Island and Mcdonald Islands,54738096
746,Damaris,Merriott,Mongolia,79963779
747,Kristan,Ulphia,Poland,73236242
748,Dale,Honoria,Samoa,78100842
749,Deedee,Blase,"Lao People""S Democratic Republic",13932137
750,Gwyneth,Schlosser,Oman,33713809
751,Tabbatha,Tice,Wallis and Futuna,35756951
752,Emma,Margarete,Malawi,39605991
753,Rozele,Saint,Austria,16597385
754,Barbara,Thar,Falkland Islands (Malvinas),48033764
755,Averyl,Bollay,Colombia,63365541
756,Jsandye,Lalitta,Cocos (Keeling) Islands,65038184
757,Mariele,Berriman,Trinidad and Tobago,16044679
758,Sherrie,Zenas,Bhutan,82936097
759,Desirae,Anestassia,Christmas Island,87559264
760,Kellen,Uund,Italy,41075259
761,Ida,Tristram,Tunisia,44615993
762,Edee,Brittani,Djibouti,87870362
763,Taffy,Millda,"Taiwan, Province of China",49318303
764,Lynde,Creamer,Mauritius,42105733
765,Jsandye,Kylander,Aruba,73477429
766,Netty,Chandler,Aruba,46601488
767,Odessa,Damarra,Montserrat,98275972
768,Tomasina,Gower,Poland,27645691
769,Robinia,Ferrell,Bhutan,14139538
770,Perry,Loeb,Guatemala,77448997
771,Paulita,Zitvaa,Haiti,51492509
772,Tracey,Christine,Congo,20146550
773,Georgina,Smitt,Chile,81861424
774,Rubie,Merat,Costa Rica,34376788
775,Priscilla,Gaynor,Sierra Leone,17645777
776,Valeda,Suk,Brunei Darussalam,89212196
777,Brooks,Drisko,Algeria,33716678
778,Albertina,Shanley,Australia,87900967
779,Joleen,Vernier,Gabon,67372555
780,Bee,Chauncey,Costa Rica,23453794
781,Mallory,Hirsch,Togo,82081850
782,Lonnie,Jethro,Burundi,58732444
783,Shandie,Burnside,"Korea, Democratic People""S Republic of",15910226
784,Margalo,Corrine,Morocco,53450603
785,Genevra,Emmaline,Poland,41052306
786,Zsa Zsa,Crudden,Burundi,62800402
787,Shaylyn,Brandice,"Virgin Islands, British",77805404
788,Suzette,Belldas,Saudi Arabia,33041571
789,Flory,Cecile,Dominica,29236498
790,Korrie,Kinnard,Philippines,50015187
791,Molli,Rona,Guatemala,99621596
792,Ericka,Orpah,Holy See (Vatican City State),85342195
793,Sherrie,Adalbert,El Salvador,81121471
794,Ursulina,Emerson,Saint Kitts and Nevis,40551438
795,Myriam,Japeth,Trinidad and Tobago,34019372
796,Fidelia,Dosia,Togo,97001167
797,Norine,Tyson,Aruba,82365525
798,Ellette,Rodmann,China,82243942
799,Tabbatha,Peonir,Chile,28503371
800,Lynnea,Seessel,Morocco,81903229
801,Corene,Niccolo,Costa Rica,39880294
802,Sophia,Durante,Zambia,41395748
803,Candy,Ventre,Albania,50343465
804,Tersina,McAdams,Niue,70284892
805,Jenilee,Vivle,Mauritius,39576924
806,Dennie,Stephie,American Samoa,24119949
807,Nelle,Plato,Israel,17712379
808,Jobi,Kamaria,Nauru,82762889
809,Celestyna,Briney,Tokelau,91558574
810,Linzy,Ciapas,Falkland Islands (Malvinas),33835507
811,Cassandra,Ciro,Gabon,36244394
812,Karena,Mott,Germany,41958891
813,Priscilla,Faria,Guadeloupe,35394862
814,Kassey,Riordan,Tonga,95416014
815,Ninnetta,Borrell,Bahamas,70538124
816,Jessy,Corilla,Saint Lucia,39887371
817,Kerrin,Candy,Iceland,50126131
818,Gui,Rocray,Saint Vincent and the Grenadines,61300517
819,Mureil,Vins,Suriname,98240447
820,Angelique,Zuzana,Djibouti,33019033
821,Natka,Rebecka,Slovenia,64653964
822,Keelia,Donoghue,Tokelau,30267608
823,Drucie,Fax,Indonesia,53967278
824,Binny,Kaja,Cayman Islands,78322978
825,Ezmeralda,Karylin,Gambia,22012373
826,Therine,Valerio,Timor-Leste,59925870
827,Roberta,Nerita,Bhutan,35448317
828,Karlee,Oneida,Italy,44629489
829,Florencia,Aloise,Anguilla,67407720
830,Misha,Helfand,Philippines,58590977
831,Cordi,Docilla,Nicaragua,29924145
832,Melisent,Ulphia,Netherlands,26293398
833,Darlleen,Salchunas,Japan,66282316
834,Christy,Jary,Christmas Island,21475307
835,Angelique,Johnsson,China,68659379
836,Annecorinne,Riordan,Turkey,41413280
837,Paule,Smitt,AndorrA,99316990
838,Goldie,Uird,India,80372219
839,Vivia,Ciapas,Cyprus,90084086
840,Demetris,Rocray,Saint Lucia,80697979
841,Ekaterina,Croix,Liechtenstein,60653551
842,Stevana,Guildroy,Gambia,74786658
843,Ira,Bohlin,Chile,65266732
844,Gertrud,Sibyls,Saint Kitts and Nevis,25800893
845,Andeee,Yam,Ukraine,89540247
846,Betta,Haerr,Madagascar,82247110
847,Kial,Sawtelle,Poland,53006883
848,Kalina,Sparhawk,Antarctica,65844623
849,Adelle,Elbertina,Cyprus,95039966
850,Kate,Hutchison,Angola,58684370
851,Esmeralda,Nester,Djibouti,39162739
852,Teriann,Prober,Guyana,28319199
853,Mathilda,Wadell,RWANDA,12657751
854,Priscilla,Han,Djibouti,44509519
855,Agathe,Ax,Tajikistan,81169414
856,Ayn,Graig,Vanuatu,32066319
857,Ada,Nedrud,Switzerland,35198521
858,Rori,Aloise,Netherlands,46543214
859,Melanie,Ephrem,AndorrA,69891409
860,Danny,Allina,Monaco,64204462
861,Evita,Milson,Wallis and Futuna,98574083
862,Lanna,Docilla,Papua New Guinea,78253961
863,Hollie,Wittie,Marshall Islands,39055392
864,Rosanne,Saunderson,Netherlands Antilles,84486915
865,Melodie,Ries,Macao,98162362
866,Yvonne,Kalinda,Jamaica,22699802
867,Ezmeralda,Sherfield,Malaysia,88336155
868,Dania,Beebe,Kenya,32670448
869,Juliane,Linehan,Russian Federation,72366773
870,Allis,Toni,Namibia,88341550
871,Claudina,Lea,Norway,73554882
872,Neila,Rooney,El Salvador,83871855
873,Betta,Mendez,Hungary,82938512
874,Ayn,Hartnett,Papua New Guinea,88963394
875,Hettie,Gino,Cameroon,24570648
876,Maurene,Caitlin,South Georgia and the South Sandwich Islands,16359663
877,Wilma,Douglass,Cameroon,74009278
878,Halette,Seagraves,Nicaragua,96668354
879,Dode,Rurik,Turkey,84523200
880,Chere,Agle,Greece,69722492
881,Binny,Clywd,Ethiopia,43462967
882,Sheelagh,Anselmi,Bosnia and Herzegovina,13537492
883,Gianina,Hamil,"Virgin Islands, U.S.",85192196
884,Drucie,Shelba,Cocos (Keeling) Islands,94177914
885,Elie,Jefferey,Senegal,29264063
886,Kayla,Beniamino,Palau,55931210
887,Elka,Fontana,British Indian Ocean Territory,31925458
888,Sheelagh,Colbert,"Virgin Islands, U.S.",17464455
889,Yolane,Goldina,Norway,79840736
890,Cristabel,Paton,Botswana,92581328
891,Ann-Marie,Moina,Gambia,14185661
892,Johna,Fabiola,New Zealand,38040883
893,Sheelagh,Byrne,Gibraltar,76881586
894,Maryellen,Corabella,Macao,70620983
895,Marylou,Woodberry,Ireland,33887649
896,Philis,Margarete,Sweden,43805324
897,Kerrin,Robertson,Mali,95462446
898,Kate,Whiffen,Myanmar,15693594
899,Laurene,Franza,South Georgia and the South Sandwich Islands,57685068
900,Randa,Vastah,French Southern Territories,35978051
901,Ilse,Goerke,Liberia,24121655
902,Flo,Hashim,"Cote D""Ivoire",66182335
903,Miquela,Cottle,Dominica,78130508
904,Margalo,Fillbert,United Arab Emirates,90984485
905,Gusty,Yam,Sweden,67716625
906,Noelle,Olympium,Syrian Arab Republic,49696434
907,Aaren,Pozzy,Sweden,62333837
908,Paola,Erich,Antarctica,32402166
909,Dede,Greenwald,Venezuela,83221259
910,Wanda,Carbo,Colombia,84739820
911,Sharlene,Jobi,Holy See (Vatican City State),31124275
912,Chere,Dimitris,Guam,34280926
913,Bibby,Gombach,Uganda,21274531
914,Ada,Yerkovich,Saint Lucia,77747805
915,Lily,Lasley,Wallis and Futuna,25516471
916,Nananne,Pearse,Canada,72101595
917,Tina,Hanleigh,El Salvador,39301633
918,Max,Old,Reunion,63255422
919,Consuela,Wu,Holy See (Vatican City State),79430318
920,Fredericka,Hortensia,Paraguay,51784585
921,Gale,Guthrie,Bahamas,56369070
922,Tami,Bronk,Croatia,68813490
923,Consuela,Harned,Jamaica,50014023
924,Mildrid,Rossner,Argentina,42171241
925,Amii,Bartlett,Botswana,54457732
926,Brena,Henebry,Dominica,16814679
927,Tatiania,Granoff,Slovenia,38759665
928,Nelle,Lowry,Kyrgyzstan,87872390
929,Kirbee,Allare,"Korea, Republic of",24897886
930,Fina,Timon,Tokelau,54643932
931,Linzy,Belldas,Turks and Caicos Islands,41387278
932,Riannon,Konyn,Saint Helena,30788002
933,Collen,Hermes,Saudi Arabia,95317028
934,Lynnea,Jeanne,Ethiopia,70980565
935,Anthia,Hermes,New Caledonia,71008644
936,Dorene,Heidt,Sudan,64646160
937,Ebonee,Quinn,Armenia,52160620
938,Nariko,Koehler,Central African Republic,62502799
939,Kirbee,Larochelle,Mexico,89611583
940,Doro,Caitlin,Jersey,14145599
941,Mignon,Niccolo,Mali,62460504
942,Daphne,Evvie,Kiribati,42286962
943,Taffy,Hessler,Guadeloupe,45826247
944,Nelle,Pandolfi,Venezuela,72255144
945,Kathi,Rurik,"Korea, Democratic People""S Republic of",36044978
946,Jorry,Naashom,"Micronesia, Federated States of",55504738
947,Larine,Allare,Russian Federation,65066264
948,Lily,Amasa,China,38910001
949,Rozele,Hoban,Canada,16653307
950,Raquela,Bebe,Timor-Leste,79016507
951,Jean,Jalbert,Turks and Caicos Islands,43382228
952,Shaylyn,Schenck,Kenya,51320042
953,Kimmy,Gregrory,"Tanzania, United Republic of",40426390
954,Leontine,Jalbert,South Georgia and the South Sandwich Islands,54470972
955,Arabel,Sawtelle,Samoa,42994862
956,Elfreda,Yoko,Congo,23394513
957,Jenilee,Sasnett,Mongolia,35189003
958,Kathi,Posner,Gabon,67334517
959,Cam,Jillane,Algeria,20067812
960,Roxane,Sacken,"Virgin Islands, British",47087842
961,Jessy,Beebe,Uzbekistan,34628652
962,Adele,Prouty,"Moldova, Republic of",16230745
963,Dorothy,Kussell,Honduras,98263434
964,Karena,Ruvolo,Barbados,12273066
965,Madalyn,Ammann,Myanmar,20879687
966,Kary,Elisha,Philippines,62556175
967,Aurore,Brunell,Guinea,74429562
968,Elie,Gordon,Saint Vincent and the Grenadines,78573506
969,Moyna,Lamoree,Kuwait,72724472
970,Lauryn,Thema,Reunion,40791448
971,Ginnie,Delp,French Polynesia,44089085
972,Berta,Ellerey,Falkland Islands (Malvinas),34123756
973,Kimberley,Kiyoshi,Antigua and Barbuda,77289922
974,Eve,Howlyn,Switzerland,42628626
975,Ronna,Forrer,Israel,50997186
976,Codie,Lymann,New Caledonia,30645550
977,Joeann,Kathie,Colombia,68471134
978,Anallese,Madaih,Ukraine,26019682
979,Neila,Lareena,Croatia,59670853
980,Nikki,Margarete,Brazil,78147469
981,Shannah,Annice,Belize,44303917
982,Marline,Billye,Lebanon,39834592
983,Ernesta,Beniamino,Bangladesh,68292391
984,Dode,Dudley,Cape Verde,81117869
985,Chrystel,Killigrew,Qatar,34876436
986,Ayn,Barrus,Ecuador,73131146
987,Lynnea,Chandler,Maldives,45091923
988,Binny,Eiser,Bahrain,86109355
989,Aurore,Pierette,Monaco,82452264
990,Justinn,Kathie,Denmark,40454017
991,Sarette,Cressida,Saint Helena,44188697
992,Libbie,Slifka,Haiti,20301719
993,Clarice,Japeth,Marshall Islands,83977987
994,Laurene,Smitt,Montserrat,49504101
995,Edyth,Docilla,China,82400680
996,Amalie,Travax,Honduras,43189491
997,Dacia,Keily,"Tanzania, United Republic of",86513378
998,Carlie,Pernick,Namibia,53571259
999,Mary,Nelsen,Kiribati,69959730
1000,Jinny,Wenoa,Ireland,85553638