id,age,city,salary,bonus,department
1,82,Chennai,85607,6823,HR
2,35,İzmir,78643,5011,MANAGER
3,98,Bishkek,99024,8772,FINANCE
4,40,Hobart,55328,5716,DEVELOPMENT
5,55,Charlotte Amalie,68949,9355,CEO
6,86,Barcelona,48235,6740,MANAGER
7,33,Nouakchott,83230,6576,CEO
8,110,Cardiff,58569,8612,CEO
9,16,Dededo,65828,8960,CEO
10,13,Hyderabad,75834,5294,HR
11,75,Nairobi,64103,9300,IT
12,93,Adana,41394,7166,DEVELOPMENT
13,31,Barcelona,55121,9481,MANAGER
14,12,Ankara,76640,9035,FINANCE
15,105,Kandahar,56031,6212,MANAGER
16,67,Abu Dhabi,55630,6417,HR
17,107,Dammam,89287,7051,FINANCE
18,84,Mandurah,97364,8396,IT
19,44,Porto,46417,7549,MANAGER
20,62,Santa Cruz de la Sierra,48564,5469,MANAGER
21,29,Hagåtña,75794,9240,DEVELOPMENT
22,23,Omsk,90288,7409,DEVELOPMENT
23,95,Karachi,95923,8275,CEO
24,77,Hamburg,42845,8977,FINANCE
25,42,Nukulaelae,53270,7726,HR
26,8,Tamale,99139,7855,MANAGER
27,22,Bujumbura,99665,9448,CEO
28,48,Yakutsk,96191,5003,FINANCE
29,97,Nizhny Novgorod,74650,9958,CEO
30,55,Nukuʻalofa,45227,7267,FINANCE
31,57,Manaus,51176,8784,DEVELOPMENT
32,76,Las Vegas,81396,9265,MANAGER
33,20,Yerevan,48058,8497,MANAGER
34,64,Kaesong,81661,6197,DEVELOPMENT
35,71,Gaziantep,84874,7115,IT
36,66,Okinawa,48183,6734,CEO
37,102,Córdoba,47555,7397,CEO
38,64,Horta (Azores),73495,7984,FINANCE
39,20,Hat Yai,47397,8513,MANAGER
40,29,Cardiff,92502,6712,CEO
41,42,Ottawa,86312,5354,IT
42,3,Sri Jayawardenapura-Kotte,54553,8900,IT
43,61,Singapore,94943,9730,FINANCE
44,22,Bucharest,63866,8577,HR
45,51,Chengdu,72256,5198,DEVELOPMENT
46,103,Bangkok,86220,6359,DEVELOPMENT
47,38,Lima,97708,9200,MANAGER
48,2,Andorra la Vella,66970,8443,DEVELOPMENT
49,4,Amritsar,63212,5658,MANAGER
50,108,Vitória,74111,5437,MANAGER
51,23,Glasgow,43801,7367,FINANCE
52,110,Semarang,58282,8801,HR
53,28,Bridgetown,56670,6958,MANAGER
54,60,Odessa,77932,6623,CEO
55,62,Prague,64308,7915,MANAGER
56,103,Rabi Island,57962,9291,FINANCE
57,48,Dubai,77412,6999,CEO
58,55,Wuhan,75075,8458,CEO
59,98,Santiago de Cuba,67745,5201,CEO
60,92,Dublin,89987,7837,HR
61,63,Fairbanks,55618,8254,IT
62,70,Da Nang,87951,7884,MANAGER
63,23,Padang,72986,9499,CEO
64,57,Hiroshima,93536,9842,FINANCE
65,18,Porto Velho,62007,5739,CEO
66,48,Leipzig,56488,5527,IT
67,29,Weno,58262,7984,IT
68,2,Palma,48203,8956,CEO
69,4,Funafuti,53548,6193,MANAGER
70,93,Seattle,58156,6281,HR
71,78,Osaka,68219,5976,MANAGER
72,22,Edinburgh,99063,5610,HR
73,108,Minsk,86093,5113,MANAGER
74,62,Manchester,88587,6554,DEVELOPMENT
75,70,Durango,62634,5633,HR
76,33,Palembang,75161,5253,DEVELOPMENT
77,110,Ouagadougou,43388,9149,MANAGER
78,77,Davao City,73482,5192,IT
79,75,Andorra la Vella,96171,7015,CEO
80,100,Wellington,62460,8300,CEO
81,36,Luanda,97761,9685,CEO
82,83,Seville,99246,5911,HR
83,56,Baghdad,58955,6327,DEVELOPMENT
84,13,Montreal,89784,8554,CEO
85,57,Roseau,52681,7409,IT
86,29,Maracaibo,96560,5080,HR
87,65,Taichung,99302,5769,MANAGER
88,94,Cotonou,41517,9646,HR
89,99,Santa Cruz de la Sierra,57364,5339,IT
90,25,Ljubljana,87266,5437,MANAGER
91,101,The Hague,96750,6478,DEVELOPMENT
92,6,Córdoba,42720,8044,CEO
93,42,Austin,58528,5426,IT
94,17,Nukuʻalofa,87925,7058,DEVELOPMENT
95,84,Wuhan,57348,9174,MANAGER
96,104,Port Hedland,64361,7907,CEO
97,30,Nukuʻalofa,76157,6528,DEVELOPMENT
98,31,Punta Arenas,65046,8329,HR
99,33,Quezon City,66689,8456,MANAGER
100,18,Ilhéus,88924,8628,MANAGER
101,16,Panama City,42640,8702,IT
102,8,Buffalo,76339,9440,CEO
103,27,Mamoudzou,76632,7342,CEO
104,54,Phnom Penh,49269,8264,DEVELOPMENT
105,103,Hyderabad,45828,6308,CEO
106,2,Monrovia,76733,6665,DEVELOPMENT
107,105,Port Vila,78965,6796,CEO
108,56,Turin,77104,6400,HR
109,47,Toulouse,42110,7085,DEVELOPMENT
110,91,Bahía Blanca,50557,8936,IT
111,68,Punta Arenas,58146,8689,MANAGER
112,90,Cusco,55033,6708,HR
113,15,Ahmedabad,65034,7567,CEO
114,10,Ponta Delgada,65774,7651,CEO
115,38,Faisalabad,74094,6329,IT
116,45,Quito,99769,5224,CEO
117,9,Lahore,71415,5241,CEO
118,47,Hilo,49244,8182,CEO
119,78,Hilo,58794,6983,IT
120,59,New York City,41991,8615,MANAGER
121,34,Mbabane,53489,9383,FINANCE
122,79,Barranquilla,47559,5375,CEO
123,17,Atlanta,91044,9954,FINANCE
124,63,Port of Spain,75374,9083,CEO
125,80,Asunción,65465,6141,FINANCE
126,6,Hai Phong,91345,6375,FINANCE
127,25,Castries,92040,5707,HR
128,12,Sabha,41085,7851,FINANCE
129,91,Copenhagen,96661,9221,HR
130,53,Harbin,49974,8308,HR
131,76,Thessaloniki,87532,5238,DEVELOPMENT
132,19,Ankara,40489,9123,DEVELOPMENT
133,45,San José,41067,6775,CEO
134,32,Manchester,63320,5257,HR
135,3,Praia,98961,7113,MANAGER
136,35,Aberdeen,85767,6640,FINANCE
137,16,Angra do Heroísmo,66254,6153,CEO
138,42,Nagpur,51753,5511,IT
139,87,Alexandria,93579,7136,DEVELOPMENT
140,77,Jaipur,61019,6906,MANAGER
141,24,Maracaibo,77685,9011,FINANCE
142,38,Lanzhou,72041,5570,MANAGER
143,11,Córdoba,74455,8302,IT
144,32,Douglas,41655,5460,IT
145,31,Kansas City,51662,8689,IT
146,20,Road Town,48417,9651,HR
147,39,Aberdeen,77094,5945,MANAGER
148,78,Caracas,47403,7354,FINANCE
149,1,Tabriz,83312,5364,IT
150,18,Tijuana,99177,5871,FINANCE
151,57,Campo Grande,62611,5311,HR
152,92,Willemstad,68043,9820,CEO
153,75,Quetzaltenango,99067,5614,CEO
154,41,Port Hedland,98874,6983,IT
155,104,San Francisco,62571,9668,FINANCE
156,4,Asunción,42503,7434,MANAGER
157,4,Belgrade,63428,9095,DEVELOPMENT
158,48,Jayapura,41022,7766,MANAGER
159,44,Livingstone,78125,5036,DEVELOPMENT
160,86,Jaipur,72830,9069,MANAGER
161,73,Patna,44398,8463,IT
162,106,Omdurman,48547,6919,CEO
163,61,Santa Cruz de la Sierra,56512,8310,CEO
164,107,Busan,48351,8692,DEVELOPMENT
165,87,Maracaibo,74776,5268,IT
166,65,Doha,45402,9687,FINANCE
167,75,Juneau,88620,8151,HR
168,54,Podgorica,74037,5771,MANAGER
169,91,Norilsk,69882,8049,FINANCE
170,7,Adelaide,56806,7798,FINANCE
171,82,Toulouse,47195,5822,HR
172,56,Lima,78291,6869,FINANCE
173,100,Beijing,71462,9834,MANAGER
174,4,Kiev,41747,9462,MANAGER
175,80,Alexandria,90457,9277,HR
176,26,Tbilisi,45602,6070,FINANCE
177,9,Alexandria,73580,9259,IT
178,24,Lilongwe,46905,6480,FINANCE
179,42,Adak,80904,8774,FINANCE
180,32,Tianjin,94485,9755,IT
181,38,Guatemala City,86944,8146,HR
182,1,Xining,52733,8598,DEVELOPMENT
183,72,Udon Thani,83785,6417,IT
184,57,Tianjin,93668,6778,DEVELOPMENT
185,3,Osaka,67984,9385,MANAGER
186,70,Abidjan,56298,9373,HR
187,48,Serekunda,45480,9551,MANAGER
188,42,Mecca,97163,7812,DEVELOPMENT
189,46,Khartoum,47480,5973,IT
190,22,Davao City,46828,7527,CEO
191,97,Providence,98849,6735,DEVELOPMENT
192,22,Forked River,91597,7789,CEO
193,40,Johor Bahru,59033,7072,CEO
194,13,Kiev,59177,6281,CEO
195,47,Bursa,84422,9024,MANAGER
196,24,Maputo,46775,6119,DEVELOPMENT
197,47,Dar es Salaam,90457,6724,DEVELOPMENT
198,61,Riverside,46712,5045,IT
199,85,Shenyang,74037,8245,DEVELOPMENT
200,8,Makassar,59780,5240,DEVELOPMENT
201,5,Liverpool,75617,9669,FINANCE
202,99,Belgrade,65598,8336,HR
203,62,Weno,93446,9081,MANAGER
204,32,Gdańsk,79321,5381,DEVELOPMENT
205,15,Brazzaville,99617,7622,MANAGER
206,110,San Diego,96595,6492,FINANCE
207,93,Bangalore,95839,9272,DEVELOPMENT
208,43,Quebec City,63212,7630,IT
209,58,Hanover,43379,6109,FINANCE
210,48,Mbabane,77640,8329,HR
211,28,Nakhon Ratchasima,47386,6744,CEO
212,29,Forked River,42446,7525,HR
213,27,Ilhéus,46381,8734,MANAGER
214,43,Port Blair,62418,9531,CEO
215,13,Asmara,52801,8464,IT
216,77,Linz,75491,6675,MANAGER
217,95,Fort-de-France,63685,5659,DEVELOPMENT
218,44,Kanpur,91748,9003,MANAGER
219,93,Port Moresby,72245,5420,HR
220,59,Odessa,60939,5046,CEO
221,15,Winnipeg,54712,6421,HR
222,96,Port Vila,50620,8432,CEO
223,2,Frankfurt,69483,5687,FINANCE
224,84,Malmö,55959,8538,IT
225,66,Adak,95389,9927,HR
226,38,Suez,88663,5986,MANAGER
227,96,Avarua,52987,8298,CEO
228,16,Yangon,66016,8962,IT
229,5,Xining,84927,8304,HR
230,86,Darwin,47578,8017,FINANCE
231,44,Chiang Mai,54791,9304,FINANCE
232,105,Maracaibo,82123,8437,IT
233,110,St. Louis,70143,9686,CEO
234,37,Saint John,57001,8200,IT
235,109,Algiers,79434,7955,CEO
236,100,Qingdao,87623,8707,HR
237,108,Bergen,75127,5624,FINANCE
238,5,N'Djamena,87569,7930,FINANCE
239,81,Saskatoon,42715,9788,HR
240,38,The Hague,58090,6680,HR
241,6,Birkirkara,64211,6745,IT
242,31,Ouagadougou,52505,6624,DEVELOPMENT
243,72,N'Djamena,82523,8560,HR
244,109,Newcastle,98899,8160,HR
245,76,Belize City,45939,5972,IT
246,62,Makassar,70662,5361,FINANCE
247,61,São Paulo,82196,7473,MANAGER
248,50,Dunedin,52743,9627,MANAGER
249,40,Nassau,51771,5760,CEO
250,65,Novosibirsk,67152,8768,DEVELOPMENT
251,65,Bandar Seri Begawan,81846,5131,CEO
252,62,Birkirkara,88391,9185,DEVELOPMENT
253,39,Pretoria,52399,9178,FINANCE
254,32,Paris,40874,5533,DEVELOPMENT
255,68,Auckland,85953,6969,FINANCE
256,25,Dededo,84806,6119,MANAGER
257,24,Pattaya,99917,8327,DEVELOPMENT
258,84,Las Vegas,74977,7697,DEVELOPMENT
259,7,Edmonton,55033,5402,HR
260,67,Toronto,50014,9294,FINANCE
261,16,Ho Chi Minh City,88992,5865,MANAGER
262,109,Kaohsiung,40485,5621,CEO
263,27,Sarajevo,50956,9987,DEVELOPMENT
264,80,Ilhéus,48257,8484,MANAGER
265,94,Jakarta,99511,8170,CEO
266,7,Sydney,54407,8767,CEO
267,57,Tirana,91638,9605,IT
268,17,Recife,82618,6776,HR
269,53,Harare,79064,5110,DEVELOPMENT
270,61,Khartoum,97741,7028,DEVELOPMENT
271,43,Valencia,80103,6435,HR
272,62,Riyadh,68672,9772,MANAGER
273,88,Jamestown,64864,5773,HR
274,58,Toulouse,85430,9182,HR
275,102,Whitehorse,53797,7883,CEO
276,80,Rio de Janeiro,96781,8845,FINANCE
277,14,Maracaibo,40851,5215,IT
278,22,Chişinău,47931,9364,CEO
279,25,Tartu,55962,9847,HR
280,41,Guadalajara,52432,9543,IT
281,6,Kyoto,77339,5215,DEVELOPMENT
282,12,Libreville,83554,7511,CEO
283,6,Nuuk,83046,9477,MANAGER
284,3,Oklahoma City,94863,8946,HR
285,66,Yamoussoukro,42880,6418,MANAGER
286,25,Dakar,82672,9213,FINANCE
287,102,Leeds,48364,9570,IT
288,83,Shenyang,43304,6821,FINANCE
289,21,Yerevan,99614,8874,MANAGER
290,34,Rabi Island,54924,6224,CEO
291,65,Kathmandu,85046,9315,FINANCE
292,92,Cotonou,63052,6742,CEO
293,69,Nairobi,96563,7370,DEVELOPMENT
294,64,Chengdu,80808,6634,MANAGER
295,71,Roseau,46390,8876,DEVELOPMENT
296,68,Gaborone,86320,8728,CEO
297,11,Chittagong,53536,8767,IT
298,13,Rosario,84799,9964,DEVELOPMENT
299,28,Accra,59789,7368,HR
300,72,Cairo,79685,6825,IT
301,90,Gold Coast,46292,8864,IT
302,14,Harbin,73916,8313,HR
303,106,Phoenix,68566,8337,DEVELOPMENT
304,59,Dallas,44664,9560,CEO
305,82,Tashkent,88080,9274,DEVELOPMENT
306,64,Port Hedland,92102,9489,HR
307,107,Hanover,92181,5231,MANAGER
308,20,Semarang,47572,7724,IT
309,97,Berlin,94449,9065,CEO
310,59,Phnom Penh,70084,6851,MANAGER
311,80,Hanga Roa,48194,5913,DEVELOPMENT
312,39,San José,52984,7875,CEO
313,29,Baku,84830,5433,DEVELOPMENT
314,82,Singapore,92640,7909,CEO
315,58,Funafuti,77597,8672,DEVELOPMENT
316,74,Jamestown,54629,5235,HR
317,106,Manila,47365,8002,MANAGER
318,77,Kansas City,42263,8429,CEO
319,108,Dakar,59110,9345,CEO
320,84,Gibraltar,89370,5443,MANAGER
321,75,Lucknow,69505,9884,DEVELOPMENT
322,55,Ponta Delgada,54568,9934,MANAGER
323,44,Damascus,42148,8315,IT
324,24,Baghdad,56240,9348,FINANCE
325,95,Cincinnati,74326,5825,IT
326,39,Cebu City,69262,8923,CEO
327,2,Konya,45856,9508,FINANCE
328,99,Leipzig,57563,6681,MANAGER
329,9,Tirana,81630,7063,CEO
330,20,Mumbai,72126,9864,HR
331,3,Puerto Williams,87311,5378,DEVELOPMENT
332,85,Mogadishu,67843,5825,FINANCE
333,103,Douglas,63361,6365,CEO
334,25,San Fernando,58347,9715,MANAGER
335,72,Nice,84660,5613,FINANCE
336,40,Colombo,89207,9477,DEVELOPMENT
337,69,Basra,51636,7105,IT
338,85,Recife,87609,5692,IT
339,82,Caracas,72654,7754,MANAGER
340,84,Indianapolis,99406,5195,CEO
341,106,Castries,53630,8593,DEVELOPMENT
342,21,Cockburn Town,65034,6909,MANAGER
343,104,Weno,96864,6394,DEVELOPMENT
344,110,Kigali,85776,8991,DEVELOPMENT
345,38,Jamestown,61494,6122,DEVELOPMENT
346,19,Rotterdam,81392,7113,FINANCE
347,92,Kaesong,95662,7938,IT
348,48,Geelong,81010,9487,FINANCE
349,32,Turin,42059,6353,FINANCE
350,3,Brikama,61938,6778,DEVELOPMENT
351,82,Kabul,68246,9676,DEVELOPMENT
352,28,Mwanza,94511,9999,HR
353,109,Niamey,70820,8272,IT
354,110,San Juan,45806,8966,DEVELOPMENT
355,101,Puebla,81392,5789,HR
356,25,Port Said,90119,9202,CEO
357,43,Shenyang,40276,8292,MANAGER
358,8,Saint John,98803,9199,HR
359,100,Paramaribo,64150,7877,HR
360,12,Hargeisa,89944,8341,CEO
361,55,Koror,78368,7691,FINANCE
362,25,Prague,45973,7113,HR
363,29,Almaty,74228,5374,MANAGER
364,76,Kabul,82321,5453,IT
365,80,Tartu,41231,7990,FINANCE
366,5,Recife,62754,9336,FINANCE
367,28,Havana,75867,8345,FINANCE
368,80,Wellington,71283,8937,MANAGER
369,74,Nouméa,57957,7308,FINANCE
370,42,Francistown,62749,7160,IT
371,34,Tianjin,62174,8431,CEO
372,65,Simferopol,59460,6912,MANAGER
373,104,Campinas,71468,8922,CEO
374,58,Puerto Williams,41630,9883,HR
375,18,Johannesburg,43652,8109,CEO
376,63,Arbil,62846,5044,FINANCE
377,4,Kuching,42652,7353,HR
378,62,Santa Cruz de Tenerife,92063,5067,DEVELOPMENT
379,81,Linz,67573,9154,DEVELOPMENT
380,66,Perth,86313,9983,IT
381,15,Dallas,60739,5347,HR
382,96,Bahía Blanca,68591,5107,FINANCE
383,55,Shenyang,88927,8053,IT
384,67,Jamestown,98351,9760,CEO
385,1,Belize City,85891,7739,MANAGER
386,2,Odessa,81486,5461,MANAGER
387,25,Abuja,91301,7581,FINANCE
388,104,Apia,79794,7943,MANAGER
389,103,The Valley,57713,6077,CEO
390,43,Saipan,93489,9739,HR
391,43,Hiroshima,80211,8756,FINANCE
392,88,Abu Dhabi,96448,6068,CEO
393,95,Rome,41431,9696,FINANCE
394,22,Ilhéus,43284,9200,CEO
395,88,Qingdao,91734,8462,MANAGER
396,52,Stockholm,78282,9689,MANAGER
397,88,Ipoh,65977,9705,FINANCE
398,59,Suva,63000,7604,CEO
399,88,Nouméa,47302,6600,FINANCE
400,15,Fort-de-France,43564,7481,MANAGER
401,40,Chişinău,74291,6475,FINANCE
402,91,Rome,92848,8326,FINANCE
403,11,Helsinki,82714,9634,IT
404,33,St. Louis,43473,6669,HR
405,101,Sacramento,77825,9134,IT
406,67,Barranquilla,71830,5675,DEVELOPMENT
407,100,Belfast,55313,7456,MANAGER
408,12,Doha,88482,6614,DEVELOPMENT
409,105,Nukulaelae,93041,7308,DEVELOPMENT
410,12,Moroni,93812,9697,HR
411,31,Pattaya,54412,9232,HR
412,32,Adelaide,66866,8800,CEO
413,89,Indianapolis,57894,7820,FINANCE
414,96,Dili,73982,6709,IT
415,68,Porto,80424,7964,CEO
416,97,Ibadan,63971,8998,CEO
417,79,Belém,86907,6642,MANAGER
418,87,Suva,90168,6981,FINANCE
419,80,Avarua,55517,8731,DEVELOPMENT
420,80,Ottawa,63232,6234,CEO
421,51,São José dos Campos,51448,8424,DEVELOPMENT
422,63,Malang,59566,8400,DEVELOPMENT
423,26,Ahmedabad,97978,7119,FINANCE
424,67,Palikir,52623,6546,DEVELOPMENT
425,48,Jerusalem,80873,7227,HR
426,53,Split (city),54346,7186,MANAGER
427,51,Suva,76914,5143,DEVELOPMENT
428,6,Antananarivo,62411,7244,FINANCE
429,49,Damascus,71928,6767,MANAGER
430,36,Timbuktu,91844,5880,IT
431,42,Saint-Pierre,45320,9364,IT
432,90,Malé,76443,5451,MANAGER
433,94,Majuro,77393,5494,FINANCE
434,93,Kathmandu,64061,5759,IT
435,72,Dili,83372,7598,CEO
436,22,Shigatse,51690,9748,IT
437,24,Monterrey,52535,8104,FINANCE
438,27,Rabat,68141,8730,MANAGER
439,5,Basse-Terre,69958,9702,FINANCE
440,51,Ciudad del Este,46790,8979,IT
441,71,Papeete,91227,7553,IT
442,53,Algiers,51402,5075,IT
443,97,Timbuktu,79815,8712,MANAGER
444,75,Cotonou,52312,5409,FINANCE
445,24,Oslo,78127,7314,HR
446,22,Dodoma,92681,7642,FINANCE
447,8,Hanover,49801,5025,CEO
448,78,Luxor,63484,9274,IT
449,109,Kandy,50863,8741,FINANCE
450,37,Las Vegas,87208,5728,FINANCE
451,10,Dededo,89593,6418,HR
452,97,Kuwait City,77503,5992,HR
453,94,Rawalpindi,84013,8780,DEVELOPMENT
454,15,Barranquilla,98839,9600,FINANCE
455,82,Campinas,61247,9370,FINANCE
456,44,Melekeok,82415,7943,IT
457,10,Rome,99050,8761,DEVELOPMENT
458,76,Funafuti,43504,7690,IT
459,65,São José dos Campos,47977,7324,CEO
460,101,Lobamba,83339,5372,DEVELOPMENT
461,15,Rome,51886,9639,HR
462,85,Patna,63978,7355,HR
463,47,Frankfurt,82408,8041,HR
464,12,Puerto Williams,71489,8849,DEVELOPMENT
465,92,Aarhus,95699,8902,HR
466,77,Tampa,59453,9252,IT
467,38,Beijing,99993,9510,DEVELOPMENT
468,56,Durango,74187,5091,DEVELOPMENT
469,54,Port-au-Prince,57036,6155,DEVELOPMENT
470,56,Nassau,72166,5079,IT
471,23,İzmir,81665,5043,FINANCE
472,54,Manaus,72295,5874,MANAGER
473,54,Brazzaville,83070,5562,HR
474,7,Castries,62161,6646,MANAGER
475,81,Karachi,89104,7196,MANAGER
476,29,Kingston,42321,9945,HR
477,105,Gdańsk,57526,6698,FINANCE
478,5,Kiev,87518,9900,DEVELOPMENT
479,74,Shigatse,88008,8958,HR
480,55,Lyon,57801,9244,IT
481,26,Valencia,85145,8425,CEO
482,16,Damascus,90146,9574,HR
483,91,Namangan,69841,9124,MANAGER
484,76,Quebec City,76728,5520,IT
485,78,San Francisco,67620,5439,MANAGER
486,29,Ho Chi Minh City,93655,9005,DEVELOPMENT
487,60,Manchester,66280,9735,HR
488,21,Manchester,45707,5699,CEO
489,37,Malacca Town,62868,6046,CEO
490,75,Iquique,93195,8181,FINANCE
491,54,Marrakech,82298,5975,DEVELOPMENT
492,27,Toulouse,99128,9158,FINANCE
493,89,Rio Branco,83827,5318,FINANCE
494,46,Ambon,67896,7470,DEVELOPMENT
495,81,Jamestown,71526,6120,HR
496,87,Riverside,58596,8631,IT
497,93,Austin,90061,5795,MANAGER
498,71,Rochester,64530,5529,MANAGER
499,16,Leeds,47677,8736,HR
500,95,Denpasar,72579,9459,FINANCE
501,86,San Diego,45588,7861,HR
502,5,Dakar,97083,9940,FINANCE
503,38,Canberra,44832,7069,DEVELOPMENT
504,71,Manama,43452,6546,CEO
505,68,Caracas,40975,6586,HR
506,41,Milwaukee,54653,8869,MANAGER
507,64,Tiraspol,66418,7931,CEO
508,20,Skopje,89472,8398,CEO
509,16,Sri Jayawardenapura-Kotte,60120,5955,CEO
510,18,Anchorage,97237,9357,FINANCE
511,54,Saint Petersburg,86321,6970,IT
512,87,Assis,79054,5542,CEO
513,42,Cebu City,41271,5038,DEVELOPMENT
514,89,Chaguanas,54895,9662,CEO
515,21,Campinas,84563,5510,MANAGER
516,31,Bulawayo,45191,6565,DEVELOPMENT
517,94,Leeds,64111,9870,HR
518,32,Port Elizabeth,69960,5880,DEVELOPMENT
519,79,St. George's,75043,9480,FINANCE
520,64,Cayenne,97491,5363,FINANCE
521,96,Invercargill,59041,8295,HR
522,14,Detroit,54014,9886,CEO
523,42,Darwin,57127,8488,MANAGER
524,86,Rio de Janeiro,86497,8506,HR
525,74,São José dos Campos,57377,8638,HR
526,96,San José,76429,8108,CEO
527,61,Agartala,96990,6011,HR
528,39,Phnom Penh,97869,7609,MANAGER
529,92,Nairobi,64158,8923,IT
530,51,Dili,69519,5773,DEVELOPMENT
531,87,Santa Cruz de Tenerife,89367,8449,DEVELOPMENT
532,24,Regina,58952,8617,CEO
533,45,Veracruz,93840,5897,MANAGER
534,27,Ponta Delgada,61480,5446,HR
535,81,Philadelphia,71546,8409,IT
536,108,Qingdao,60517,5322,MANAGER
537,98,Yakutsk,64420,6423,IT
538,77,Punta Arenas,69806,9308,FINANCE
539,17,Alofi,64445,8524,MANAGER
540,66,Jayapura,50092,5894,CEO
541,76,Sarajevo,85517,5923,DEVELOPMENT
542,6,Lobamba,52287,9536,HR
543,14,Maseru,66573,6141,HR
544,2,Anadyr (town),53629,8321,IT
545,11,South Tarawa,78671,7102,IT
546,100,Nukulaelae,87338,7398,DEVELOPMENT
547,30,Durango,87265,7766,FINANCE
548,95,Alofi,81162,6565,FINANCE
549,94,Dededo,40208,8849,HR
550,99,Vancouver,82217,6389,CEO
551,46,Valletta,67925,8556,HR
552,11,Asunción,67083,8232,MANAGER
553,87,Cartagena,45172,7033,DEVELOPMENT
554,62,Faisalabad,45572,6754,FINANCE
555,98,Chuí,57449,7945,HR
556,1,Rio de Janeiro,88404,7575,FINANCE
557,7,New York City,54141,8382,MANAGER
558,32,Papeete,98632,7700,DEVELOPMENT
559,6,Quetzaltenango,52519,5191,IT
560,89,Rabat,77849,6186,HR
561,72,Blantyre,96827,5401,MANAGER
562,49,Alexandria,91509,7606,DEVELOPMENT
563,55,Tórshavn,85031,5196,CEO
564,21,Rockhampton,82694,8355,FINANCE
565,45,Quezon City,53138,6759,HR
566,41,Jeddah,83528,6852,DEVELOPMENT
567,91,Mbabane,78502,6077,HR
568,9,Bratislava,84148,7847,MANAGER
569,69,Douglas,98390,9321,CEO
570,54,Dili,72250,8009,HR
571,110,Dibrugarh,48127,7992,MANAGER
572,14,Ahmedabad,42625,7115,MANAGER
573,67,Shenyang,74561,6153,HR
574,2,Marrakech,76627,5024,FINANCE
575,102,Winnipeg,66608,5063,FINANCE
576,85,Caracas,79469,9922,HR
577,91,Skopje,92767,6244,IT
578,40,Omsk,90348,7376,MANAGER
579,108,Ahmedabad,42009,9379,DEVELOPMENT
580,103,Strasbourg,52076,10000,FINANCE
581,99,Ashgabat,73179,5004,DEVELOPMENT
582,33,Maceió,61043,7708,FINANCE
583,75,Miri,92352,5791,DEVELOPMENT
584,32,Banda Aceh,75143,7044,IT
585,29,Belmopan,71126,5714,DEVELOPMENT
586,1,Yellowknife,68376,6233,DEVELOPMENT
587,11,Cuiabá,62969,7059,DEVELOPMENT
588,60,Perth,76526,5234,FINANCE
589,22,Yokohama,57835,9044,HR
590,16,Darwin,72683,5792,CEO
591,30,Valparaíso,54999,6813,CEO
592,63,Austin,69814,7258,IT
593,75,Recife,66229,9649,HR
594,80,Valdivia,53177,9196,IT
595,103,Kuching,76399,6249,FINANCE
596,20,Mashhad,60176,8985,IT
597,4,Atlanta,93967,6794,CEO
598,27,Auckland,51897,9900,FINANCE
599,53,Stanley,57091,7669,CEO
600,60,Copenhagen,44605,9476,MANAGER
601,47,Zanzibar City,62235,8277,HR
602,33,Malang,64500,5914,MANAGER
603,101,Iquitos,71254,7720,FINANCE
604,108,Jamestown,46178,6402,HR
605,6,Tel Aviv,77221,7187,MANAGER
606,52,Shijiazhuang,86574,8726,MANAGER
607,82,Douglas,46746,9518,HR
608,80,Hagåtña,43536,8219,MANAGER
609,49,Atlanta,48237,6199,HR
610,74,Malmö,40854,7049,CEO
611,30,Vientiane,50061,5247,CEO
612,28,Ciudad del Este,81907,8419,IT
613,29,Darwin,88833,6116,IT
614,34,Mamoudzou,64219,7019,CEO
615,88,Kota Kinabalu,88510,9459,CEO
616,4,Yokohama,75888,8532,FINANCE
617,93,Dublin,58574,6493,DEVELOPMENT
618,60,Greenwich,64242,6459,CEO
619,19,Nukulaelae,49170,9630,IT
620,44,Phnom Penh,41453,8302,HR
621,5,Kabul,76653,7353,CEO
622,39,Algiers,83858,7875,DEVELOPMENT
623,53,Nantes,81201,6410,DEVELOPMENT
624,40,Arequipa,69837,8129,HR
625,91,Baghdad,56153,8321,FINANCE
626,45,Bujumbura,71930,9968,HR
627,42,Bahía Blanca,66541,5751,MANAGER
628,80,Rosario,51502,8594,HR
629,73,Dresden,53929,6836,DEVELOPMENT
630,27,Kota Bharu,97588,9144,FINANCE
631,82,Bilbao,40420,5740,FINANCE
632,102,Murmansk,74296,5970,FINANCE
633,106,Hilo,40230,6215,HR
634,37,Lilongwe,57992,8668,FINANCE
635,105,Naples,64018,6635,HR
636,26,Nukulaelae,67536,5357,CEO
637,66,Saint-Pierre,49795,7403,HR
638,10,Shigatse,83796,8506,IT
639,60,Ho Chi Minh City,75195,5514,HR
640,87,Dili,67266,6477,MANAGER
641,20,Athens,86588,6792,MANAGER
642,81,Riverside,67606,9321,HR
643,89,Tunis,83569,6424,HR
644,75,Abu Dhabi,98781,7478,IT
645,61,Albuquerque,49222,8388,DEVELOPMENT
646,29,Cape Town,70043,7425,HR
647,7,Salzburg,60381,8423,DEVELOPMENT
648,23,Paris,81129,6269,MANAGER
649,39,Nashville,65143,7608,CEO
650,44,Zapopan,97177,6701,MANAGER
651,27,Papeete,93900,6723,FINANCE
652,90,Rio de Janeiro,65813,7782,MANAGER
653,83,Townsville,52578,6477,CEO
654,73,Shillong,83157,5918,MANAGER
655,72,Djibouti (city),58127,6600,HR
656,97,Bamako,92009,8720,MANAGER
657,102,Ahmedabad,53060,5331,DEVELOPMENT
658,42,Harare,53861,5125,CEO
659,64,Suva,88032,6141,FINANCE
660,67,Athens,57676,9009,IT
661,99,Fort-de-France,68670,8643,DEVELOPMENT
662,29,Jaipur,66083,8987,DEVELOPMENT
663,82,Kingstown,47089,8545,MANAGER
664,72,Faisalabad,77492,7805,CEO
665,46,Edinburgh,70775,5132,MANAGER
666,33,Bamako,55209,7035,FINANCE
667,88,Detroit,77099,5346,IT
668,98,Algiers,52785,7845,DEVELOPMENT
669,52,Astana,61702,8070,HR
670,58,Agartala,52411,7673,CEO
671,51,Baghdad,90038,6673,MANAGER
672,24,Auckland,86292,5585,HR
673,57,Fort-de-France,58705,6844,MANAGER
674,69,Mwanza,65580,8389,DEVELOPMENT
675,74,Lobamba,91169,6653,HR
676,70,Gaborone,72606,5307,CEO
677,84,Johor Bahru,71501,7406,IT
678,69,Amritsar,46198,8781,FINANCE
679,43,Mamoudzou,63801,7076,IT
680,42,Hat Yai,88428,5266,DEVELOPMENT
681,21,Buffalo,41574,9572,MANAGER
682,67,Belém,93509,5584,DEVELOPMENT
683,15,Patna,92211,7214,MANAGER
684,17,Castries,51363,8742,IT
685,61,Ipoh,65847,9498,DEVELOPMENT
686,33,Surat,46713,5842,HR
687,11,Tel Aviv,88350,6763,CEO
688,20,Turin,65223,5767,IT
689,67,Nuuk,65862,9744,CEO
690,53,Mecca,59698,9217,DEVELOPMENT
691,2,Tallinn,42350,5943,HR
692,16,Tucson,66327,7130,CEO
693,36,Douglas,88449,9607,FINANCE
694,102,Columbus,58849,5781,CEO
695,37,Buffalo,49053,5300,DEVELOPMENT
696,13,Wuhan,62534,7997,IT
697,110,Marrakech,72861,5215,HR
698,80,Invercargill,62415,9425,MANAGER
699,10,Kuala Lumpur,93577,6376,IT
700,12,Vienna,98636,7539,FINANCE
701,73,Longyearbyen,87893,9701,FINANCE
702,28,São Tomé,70901,6958,MANAGER
703,89,Almaty,98085,6072,CEO
704,59,Montreal,40948,5168,HR
705,67,Belgrade,71610,5748,HR
706,21,Puebla,94662,9297,HR
707,37,Vientiane,44100,6948,MANAGER
708,73,Hamburg,91037,9716,HR
709,81,Bern,84998,9164,CEO
710,87,Padang,67304,8983,IT
711,47,Pontianak,88270,8350,FINANCE
712,28,Ibiza,56171,5764,DEVELOPMENT
713,37,Yakutsk,79158,5075,DEVELOPMENT
714,14,N'Djamena,52948,7987,IT
715,62,Jerusalem,77304,5147,DEVELOPMENT
716,84,Minsk,69886,6282,CEO
717,100,La Paz,67210,7187,HR
718,53,Arequipa,89889,7551,DEVELOPMENT
719,39,Accra,97400,6354,MANAGER
720,10,Riga,49872,6561,CEO
721,47,St. John's,79254,9673,MANAGER
722,85,Taipei,74369,5912,IT
723,91,Las Vegas,86259,7073,MANAGER
724,52,Kharkiv,79044,9880,IT
725,87,Nukuʻalofa,87694,7946,DEVELOPMENT
726,2,Gaziantep,74302,7128,FINANCE
727,63,Skopje,99258,9039,IT
728,75,Yakutsk,66281,9574,HR
729,78,Cork (city),81305,5872,MANAGER
730,46,Sarajevo,86322,5411,CEO
731,38,Tallinn,96564,6999,HR
732,45,Pattaya,95638,8458,IT
733,31,Kabul,68918,5975,MANAGER
734,104,Phnom Penh,69276,6099,IT
735,99,Multan,92522,9209,FINANCE
736,75,Shenzhen,74932,9427,FINANCE
737,32,Yangon,46904,5791,FINANCE
738,97,Manchester,88397,9256,HR
739,42,Ludhiana,42355,7548,DEVELOPMENT
740,3,Ambon,80550,6312,FINANCE
741,3,Minsk,65980,6282,CEO
742,80,Pune,56429,7160,FINANCE
743,102,South Tarawa,86534,7406,MANAGER
744,104,Astana,44052,7254,MANAGER
745,4,Cayenne,81989,7451,MANAGER
746,101,Macau,55709,7064,FINANCE
747,78,St. George's,71329,9479,CEO
748,105,Zürich,64628,9392,IT
749,29,Leipzig,55911,9220,IT
750,47,Liverpool,64384,8584,CEO
751,93,Belém,78008,9553,MANAGER
752,99,Punta Arenas,84253,6023,CEO
753,56,Oranjestad,55335,8752,CEO
754,94,Geelong,80149,6814,HR
755,99,Hyderabad,61435,5627,CEO
756,63,Graz,86015,8075,FINANCE
757,59,Shanghai,77362,6340,FINANCE
758,48,Zhengzhou,60919,7395,IT
759,64,Magadan,75237,8823,IT
760,76,Yogyakarta (city),86649,7707,HR
761,58,Townsville,70562,9004,MANAGER
762,36,Buffalo,42353,6868,FINANCE
763,66,Mecca,80266,8364,DEVELOPMENT
764,46,Barcelona,64886,7728,HR
765,88,Davao City,73298,7399,HR
766,107,Roseau,66025,6855,MANAGER
767,7,Málaga,44496,8004,IT
768,83,Mashhad,73727,7678,CEO
769,20,Detroit,46556,9436,DEVELOPMENT
770,48,Guadalajara,41849,9771,MANAGER
771,16,Manaus,95650,6070,DEVELOPMENT
772,33,Vientiane,49649,7368,HR
773,96,Monterrey,63241,9105,HR
774,90,N'Djamena,83910,6210,HR
775,103,Tiraspol,88535,8810,DEVELOPMENT
776,52,Honolulu,63142,6052,IT
777,86,Kigali,85232,9310,DEVELOPMENT
778,14,Assis,57572,8857,FINANCE
779,75,Bangui,46388,8664,MANAGER
780,92,Okinawa,41783,9744,HR
781,82,Tokyo,68466,9276,DEVELOPMENT
782,51,Malabo,82373,7522,IT
783,12,Luanda,98921,9121,IT
784,59,Angra do Heroísmo,86943,9781,CEO
785,44,Austin,94747,9177,MANAGER
786,51,Rockhampton,82757,5667,MANAGER
787,30,Andorra la Vella,54600,9055,IT
788,9,Tampa,88633,5484,MANAGER
789,6,Ciudad del Este,92013,8635,CEO
790,95,Weno,50948,8379,DEVELOPMENT
791,86,Port Blair,52739,9351,HR
792,17,Regina,47259,5749,HR
793,62,Lomé,94162,6887,DEVELOPMENT
794,75,Guangzhou,93199,8229,IT
795,37,Puerto Williams,88308,8000,HR
796,71,Manila,92205,9866,FINANCE
797,5,Málaga,97155,5886,FINANCE
798,83,Mbabane,63076,5569,FINANCE
799,109,Bursa,95176,9371,IT
800,37,Phuket (city),67256,5311,DEVELOPMENT
801,39,Kota Bharu,64633,6588,IT
802,30,Jakarta,53610,8760,FINANCE
803,67,Seoul,41050,9680,DEVELOPMENT
804,92,Riyadh,92360,7415,FINANCE
805,110,Tampere,63025,9967,DEVELOPMENT
806,40,Helsinki,40426,5657,HR
807,81,Oranjestad,56492,8530,CEO
808,37,Chongqing,65700,5955,DEVELOPMENT
809,26,Zürich,63312,9657,CEO
810,48,Charlotte,67466,8230,DEVELOPMENT
811,34,Kandahar,48560,9094,FINANCE
812,17,Abuja,66575,5756,DEVELOPMENT
813,17,La Serena,72791,5170,IT
814,47,Wuhan,50010,9984,FINANCE
815,44,Maseru,90479,6699,DEVELOPMENT
816,18,Bratsk,86788,8932,DEVELOPMENT
817,84,Rome,41423,9545,FINANCE
818,48,Mata-Utu,72779,5407,FINANCE
819,23,Havana,93583,5344,IT
820,82,Belfast,55067,8270,DEVELOPMENT
821,94,Udon Thani,60681,6855,IT
822,32,Aarhus,56957,8491,FINANCE
823,51,Nagoya,84965,5698,HR
824,1,Kansas City,41333,6617,MANAGER
825,98,Ilhéus,87196,5047,FINANCE
826,98,Wonsan,81592,5944,DEVELOPMENT
827,94,Doha,79242,7267,FINANCE
828,95,Bursa,87877,9665,HR
829,70,Houston,67317,5410,HR
830,85,Hanover,62227,5066,HR
831,16,Birmingham,81603,5378,FINANCE
832,42,Hamburg,99069,5592,CEO
833,66,Forked River,61529,9960,MANAGER
834,10,Nashville,61844,8789,MANAGER
835,45,Pittsburgh,48121,5381,DEVELOPMENT
836,62,Bangui,69558,5241,CEO
837,94,Belmopan,45280,8866,CEO
838,59,Manzini,50067,8259,CEO
839,21,Arbil,46899,9090,CEO
840,62,Okinawa,44759,6282,CEO
841,55,Guwahati,96782,8156,FINANCE
842,6,Cayenne,47445,9859,HR
843,97,Chennai,64219,7795,HR
844,67,Ho Chi Minh City,84276,5201,HR
845,25,Baghdad,79892,6817,FINANCE
846,60,Canberra,75972,5874,HR
847,103,Roseau,82874,7291,MANAGER
848,64,Whitehorse,63797,7082,MANAGER
849,27,Kota Kinabalu,56304,7581,IT
850,11,Magadan,88741,6519,DEVELOPMENT
851,36,Melekeok,55529,8336,IT
852,80,Gothenburg,90306,9080,FINANCE
853,71,Saint-Denis,80255,7220,CEO
854,34,Osaka,59013,9759,MANAGER
855,55,Quetzaltenango,47153,7763,CEO
856,28,Puerto Williams,84392,8156,HR
857,110,Mamoudzou,98981,7939,MANAGER
858,36,The Valley,67675,8342,IT
859,53,Baghdad,67761,8508,MANAGER
860,92,Banjul,78139,6362,CEO
861,95,Brikama,95475,6486,CEO
862,8,Dar es Salaam,47595,5618,CEO
863,39,Bridgetown,74609,8393,MANAGER
864,81,Guayaquil,62495,6020,FINANCE
865,19,Dushanbe,50045,6606,MANAGER
866,87,Bujumbura,46797,9469,CEO
867,53,Palembang,46016,7015,MANAGER
868,44,Xi'an,77764,8432,IT
869,94,Lyon,78176,8087,CEO
870,70,Linz,85700,6137,DEVELOPMENT
871,93,Casablanca,41890,9100,MANAGER
872,67,Riga,65417,6039,IT
873,63,São Tomé,45105,7781,IT
874,5,Pittsburgh,53625,8753,FINANCE
875,69,Luanda,52666,8531,IT
876,27,Yaren District,78615,6534,CEO
877,14,Port Hedland,85230,9469,FINANCE
878,39,Cairns,90192,9770,FINANCE
879,84,Toronto,45833,8731,IT
880,49,Athens,46478,6077,IT
881,34,Basse-Terre,42287,8918,FINANCE
882,59,Bishkek,63262,8347,IT
883,80,Tirana,56372,5181,FINANCE
884,67,Addis Ababa,51417,7209,MANAGER
885,82,Linz,53512,8489,MANAGER
886,90,Iloilo City,93870,9568,IT
887,96,Ljubljana,77604,7195,MANAGER
888,47,Avarua,66528,9546,CEO
889,38,Charlottetown,85244,9505,CEO
890,75,Pago Pago,76556,7550,CEO
891,75,Johannesburg,86596,8009,IT
892,63,Copenhagen,66327,7534,DEVELOPMENT
893,36,Nouméa,99815,8932,IT
894,76,Zamboanga City,49046,7840,HR
895,47,Puerto Williams,94936,6379,IT
896,12,Pyongyang,74233,7618,IT
897,50,İzmir,81640,6398,MANAGER
898,46,Abidjan,69421,5141,IT
899,102,Yamoussoukro,76677,9491,DEVELOPMENT
900,86,Damascus,94415,6426,IT
901,73,Nizhny Novgorod,75789,6356,IT
902,2,Durban,50940,7605,HR
903,49,Istanbul,45908,8323,IT
904,103,Canberra,43841,8147,FINANCE
905,60,Willemstad,70931,7798,HR
906,103,St. Louis,84181,6033,IT
907,32,Kharkiv,57776,8193,HR
908,3,Cali,91714,5600,DEVELOPMENT
909,101,Miri,73584,8310,MANAGER
910,93,Funafuti,92840,5376,IT
911,47,Kaesong,73652,9872,DEVELOPMENT
912,102,Aarhus,97594,5967,FINANCE
913,30,Nice,46252,7520,CEO
914,68,Mumbai,40233,8215,IT
915,7,Vancouver,69253,8625,IT
916,71,Bergen,95948,7487,MANAGER
917,9,Praia,64180,9787,MANAGER
918,69,Surat Thani,83396,9899,DEVELOPMENT
919,108,Bloemfontein,79166,6371,IT
920,32,Jerusalem,48852,9405,CEO
921,63,Pontianak,97222,6499,CEO
922,107,Batticaloa,96556,9478,CEO
923,39,Tiraspol,62224,6197,MANAGER
924,73,Charlottetown,42932,8883,CEO
925,43,Kaesong,48873,6807,MANAGER
926,17,Turin,92318,8781,DEVELOPMENT
927,53,Innsbruck,40576,9450,CEO
928,84,Cincinnati,56994,8300,DEVELOPMENT
929,2,Yangon,75958,7882,FINANCE
930,14,Surat,89112,6270,MANAGER
931,72,Berlin,97469,5974,FINANCE
932,99,Bogor,73331,8575,DEVELOPMENT
933,25,Singapore,65477,7046,MANAGER
934,75,Boston,69793,7792,MANAGER
935,20,Innsbruck,51470,5610,DEVELOPMENT
936,12,Gaza,72051,6003,MANAGER
937,52,Winnipeg,47128,9201,FINANCE
938,18,Santiago,83361,6091,CEO
939,13,Petropavlovsk-Kamchatsky,60413,8703,FINANCE
940,57,Taipei,91072,5415,MANAGER
941,6,Barranquilla,43670,5701,FINANCE
942,54,Mendoza,45350,6408,IT
943,43,Milwaukee,59244,6407,HR
944,22,Lhasa,50988,7746,HR
945,76,La Serena,59770,6951,MANAGER
946,97,Austin,59318,6844,CEO
947,66,Dakar,55700,9096,DEVELOPMENT
948,106,Johannesburg,48977,9924,CEO
949,92,Johannesburg,85217,8094,DEVELOPMENT
950,59,Ludhiana,53114,5122,DEVELOPMENT
951,61,Kathmandu,81644,5435,HR
952,94,Glasgow,92210,9729,HR
953,32,Bangkok,87348,6545,MANAGER
954,78,Edinburgh,67529,9632,DEVELOPMENT
955,94,Harare,89588,7190,DEVELOPMENT
956,107,Pristina,60054,6159,CEO
957,14,Bloemfontein,90875,9865,FINANCE
958,86,Cape Town,97871,8074,FINANCE
959,77,Nice,58280,7022,IT
960,9,Davao City,48166,9507,MANAGER
961,52,Nukulaelae,76189,5523,HR
962,29,Philadelphia,83223,6768,MANAGER
963,6,Brasília,78497,5318,CEO
964,9,Jaipur,71941,6630,FINANCE
965,67,Multan,73966,5159,IT
966,4,Nizhny Novgorod,58214,5695,HR
967,64,Ulan Bator,59949,9385,MANAGER
968,67,Guwahati,71904,9245,IT
969,19,City of San Marino,56638,5014,MANAGER
970,55,Dili,46321,9873,MANAGER
971,7,Miami,44207,5104,CEO
972,46,Bratislava,55536,5410,CEO
973,108,Baghdad,88798,9997,IT
974,77,Aberdeen,41019,6414,IT
975,36,Quetzaltenango,78256,7981,HR
976,4,Tampa,57542,7278,CEO
977,28,Moroni,66466,7901,MANAGER
978,50,Cologne,75331,7777,MANAGER
979,103,Hanover,41282,7703,HR
980,1,Yangon,69846,10000,HR
981,5,Huế,75740,9870,MANAGER
982,50,Chongqing,97496,8834,IT
983,93,Bangkok,46586,5956,HR
984,12,Abu Dhabi,81590,7682,FINANCE
985,75,Manama,78758,9903,MANAGER
986,11,Cologne,75446,6400,CEO
987,79,Dakar,67709,7740,DEVELOPMENT
988,45,Wollongong,89707,8075,DEVELOPMENT
989,50,Edinburgh,51602,8713,IT
990,101,Tabriz,58731,8279,HR
991,100,Lucknow,63486,8332,CEO
992,105,Lhasa,84401,5242,CEO
993,17,Cuiabá,42119,6493,HR
994,77,Valletta,76246,6988,DEVELOPMENT
995,37,Ibadan,47209,8355,FINANCE
996,16,Koulikoro,42049,6231,CEO
997,89,Beirut,76633,7600,CEO
998,58,Calgary,68530,9688,FINANCE
999,26,Hamilton,43277,5714,HR
1000,11,Miri,42230,7669,IT